Date,XAU,XAG,WTI,BRENT,NDX,SPX,DJI,VIX,DXY,BTC,MSFT,AAPL,META,NFLX,NVDA,AVGO,PLTR,ORCL,SMH,QQQ,TLT
2025-05-01,3210.0,32.18899917602539,59.2400016784668,62.130001068115234,19786.7109375,5604.14013671875,40752.9609375,24.600000381469727,100.25,96492.3359375,421.2556457519531,212.19879150390625,570.430419921875,113.34700012207031,111.45381164550781,195.74398803710938,116.19999694824219,144.04483032226562,211.64146423339844,479.35968017578125,84.50677490234375
2025-05-02,3231.89990234375,31.98900032043457,58.290000915527344,61.290000915527344,20102.609375,5686.669921875,41317.4296875,22.68000030517578,100.0,96910.0703125,431.0393981933594,204.27069091796875,595.1632080078125,115.64900207519531,114.33975982666016,202.00326538085938,124.27999877929688,149.2327423095703,218.3505859375,486.4752197265625,83.59203338623047
2025-05-05,3311.300048828125,32.20500183105469,57.130001068115234,60.22999954223633,19967.939453125,5650.3798828125,41218.828125,23.639999389648438,99.83000183105469,94748.0546875,431.9207458496094,197.8446502685547,597.40625,113.40599822998047,113.66071319580078,199.1067352294922,123.7699966430664,147.80706787109375,216.9349822998047,483.5892333984375,83.1251449584961
2025-05-06,3411.39990234375,33.112998962402344,59.09000015258789,62.150001525878906,19791.349609375,5606.91015625,40829.0,24.760000228881836,99.23999786376953,96802.4765625,429.0885925292969,197.46664428710938,585.4833984375,113.76899719238281,113.381103515625,198.48178100585938,108.86000061035156,146.2328643798828,214.92124938964844,479.09100341796875,83.4014663696289
2025-05-07,3381.39990234375,32.53099822998047,58.06999969482422,61.119998931884766,19867.970703125,5631.27978515625,41113.96875,23.549999237060547,99.61000061035156,97032.3203125,429.1282043457031,195.218505859375,594.953857421875,115.54100036621094,116.89617919921875,203.1638641357422,110.4800033569336,147.88626098632812,219.33750915527344,480.97186279296875,83.75402069091797
2025-05-08,3296.60009765625,32.37799835205078,59.90999984741211,62.84000015258789,20063.560546875,5663.93994140625,41368.44921875,22.479999542236328,100.63999938964844,103241.4609375,433.9012756347656,196.45199584960938,596.1502075195312,114.44300079345703,117.20574951171875,206.10008239746094,119.1500015258789,148.8070526123047,221.2615203857422,485.9378356933594,82.82024383544922
2025-05-09,3335.39990234375,32.67599868774414,61.02000045776367,63.90999984741211,20061.44921875,5659.91015625,41249.37890625,21.899999618530273,100.33999633789062,102970.8515625,434.4557800292969,197.4865264892578,590.6473388671875,114.02200317382812,116.48676300048828,206.526611328125,117.30000305175781,148.84661865234375,222.70701599121094,485.6194152832031,82.94412231445312
2025-05-12,3220.0,32.38800048828125,61.95000076293945,64.95999908447266,20868.150390625,5844.18994140625,42410.1015625,18.389999389648438,101.79000091552734,102812.953125,444.8832092285156,209.95704650878906,637.4412841796875,111.0,122.82787322998047,219.799072265625,118.45999908447266,155.65829467773438,236.67356872558594,505.40362548828125,82.17230987548828
2025-05-13,3240.300048828125,32.86800003051758,63.66999816894531,66.62999725341797,21197.69921875,5886.5498046875,42140.4296875,18.219999313354492,101.0,104169.8125,444.7643737792969,212.08859252929688,653.9896850585938,113.84400177001953,129.7481689453125,230.55194091796875,128.10000610351562,160.6581268310547,244.79827880859375,513.1063842773438,81.83882141113281
2025-05-14,3181.39990234375,32.22600173950195,63.150001525878906,66.08999633789062,21319.2109375,5892.580078125,42051.05859375,18.6200008392334,101.04000091552734,103539.4140625,448.52734375,211.49098205566406,657.309326171875,115.0989990234375,135.15061950683594,230.25436401367188,130.17999267578125,161.33135986328125,247.2207489013672,516.1814575195312,81.29570770263672
2025-05-15,3220.699951171875,32.48099899291992,61.619998931884766,64.52999877929688,21335.8203125,5916.93017578125,42322.75,17.829999923706055,100.87999725341797,103744.640625,449.5392761230469,210.6144561767578,641.8775024414062,117.7979965209961,134.64129638671875,230.7701873779297,128.1199951171875,157.81663513183594,246.36341857910156,516.7486572265625,82.01033020019531
2025-05-16,3182.0,32.15800094604492,62.4900016784668,65.41000366210938,21427.939453125,5958.3798828125,42654.73828125,17.239999771118164,101.08999633789062,103489.2890625,450.6702575683594,210.42518615722656,638.3485107421875,119.15299987792969,135.21051025390625,226.7725830078125,129.52000427246094,158.89581298828125,245.65562438964844,518.9978637695312,82.22949981689453
2025-05-19,3228.89990234375,32.3129997253418,62.689998626708984,65.54000091552734,21447.05078125,5963.60009765625,42792.0703125,18.139999389648438,100.43000030517578,105606.1796875,455.2337646484375,207.9550018310547,638.438232421875,119.16400146484375,135.3802947998047,228.77633666992188,126.33000183105469,158.05426025390625,245.24688720703125,519.4954223632812,81.99127197265625
2025-05-20,3280.300048828125,32.97999954223633,62.560001373291016,65.37999725341797,21367.369140625,5940.4599609375,42677.23828125,18.09000015258789,100.12000274658203,106791.0859375,454.53936767578125,206.04258728027344,635.1185913085938,119.2020034790039,134.1919403076172,229.81787109375,125.58999633789062,158.71759033203125,244.77833557128906,517.7637939453125,81.40052032470703
2025-05-21,3309.300048828125,33.4630012512207,61.56999969482422,64.91000366210938,21080.359375,5844.60986328125,41860.44140625,20.8700008392334,99.55999755859375,109678.078125,448.98370361328125,201.2914276123047,633.5236206054688,119.46299743652344,131.61557006835938,227.88356018066406,120.58000183105469,155.61868286132812,240.72097778320312,510.56866455078125,80.00939178466797
2025-05-22,3292.300048828125,33.047000885009766,61.20000076293945,64.44000244140625,21112.470703125,5842.009765625,41859.08984375,20.280000686645508,99.95999908447266,111673.28125,451.2555847167969,200.5643310546875,634.5902099609375,118.7969970703125,132.64410400390625,228.6771240234375,122.29000091552734,155.74742126464844,240.06301879882812,511.5240478515625,80.42862701416016
2025-05-23,3363.60009765625,33.44200134277344,61.529998779296875,64.77999877929688,20915.66015625,5802.81982421875,41603.0703125,22.290000915527344,99.11000061035156,107287.796875,446.6126708984375,194.49838256835938,625.1098022460938,118.53900146484375,131.1062469482422,226.8816680908203,123.30999755859375,154.4207000732422,236.70347595214844,506.78692626953125,80.5620346069336
2025-05-27,3299.10009765625,33.145999908447266,60.88999938964844,64.08999633789062,21414.990234375,5921.5400390625,42343.6484375,18.959999084472656,99.5199966430664,108994.640625,457.0393371582031,199.4188690185547,640.3223266601562,121.15699768066406,135.31036376953125,233.75599670410156,123.38999938964844,160.3017120361328,244.21011352539062,518.7091674804688,81.6863784790039
2025-05-28,3293.60009765625,33.0,61.84000015258789,64.9000015258789,21318.169921875,5888.5498046875,42098.69921875,19.309999465942383,99.87999725341797,107802.328125,453.73577880859375,199.62803649902344,641.5784301757812,120.8550033569336,134.62132263183594,237.50558471679688,123.76000213623047,162.2224578857422,241.60821533203125,516.4103393554688,81.33382415771484
2025-05-29,3317.10009765625,33.28300094604492,60.939998626708984,64.1500015258789,21363.94921875,5912.169921875,42215.73046875,19.18000030517578,99.27999877929688,105641.7578125,455.0453186035156,199.15988159179688,643.0437622070312,118.48600006103516,138.99520874023438,240.0251922607422,122.31999969482422,161.28187561035156,243.3228759765625,517.4254760742188,82.0865707397461
2025-05-30,3288.89990234375,32.891998291015625,60.790000915527344,63.900001525878906,21340.990234375,5911.68994140625,42270.0703125,18.56999969482422,99.33000183105469,103998.5703125,456.7119445800781,200.05633544921875,645.4762573242188,120.7229995727539,134.94090270996094,240.1243896484375,131.77999877929688,163.88577270507812,239.0063018798828,516.609375,82.21044921875
2025-06-02,3370.60009765625,34.5629997253418,62.52000045776367,64.62999725341797,21491.75,5935.93994140625,42305.48046875,18.360000610351562,98.69999694824219,105881.53125,458.3092346191406,200.9029541015625,668.8134765625,121.89800262451172,137.187744140625,246.71102905273438,132.0399932861328,164.91542053222656,242.54530334472656,520.689697265625,81.44532012939453
2025-06-03,3350.199951171875,34.50299835205078,63.40999984741211,65.62999725341797,21662.580078125,5970.3701171875,42519.640625,17.690000534057617,99.25,105432.46875,459.30133056640625,202.46678161621094,664.7760620117188,121.79399871826172,141.02236938476562,254.7855987548828,133.1699981689453,167.45989990234375,248.0182647705078,524.7598876953125,81.3018798828125
2025-06-04,3373.5,34.51900100708008,62.849998474121094,64.86000061035156,21721.919921875,5970.81005859375,42427.73828125,17.610000610351562,98.79000091552734,104731.984375,460.19415283203125,202.0185546875,685.8104858398438,123.96600341796875,141.7213897705078,258.9815673828125,130.00999450683594,166.4302215576172,250.96908569335938,526.222900390625,82.62166595458984
2025-06-05,3350.699951171875,35.68899917602539,63.369998931884766,65.33999633789062,21547.4296875,5939.2998046875,42319.73828125,18.479999542236328,98.73999786376953,101575.953125,463.9739685058594,199.8372039794922,682.4907836914062,125.052001953125,139.79409790039062,257.8408203125,119.91000366210938,169.44003295898438,250.52047729492188,522.2620239257812,82.67906188964844
2025-06-06,3322.699951171875,36.025001525878906,64.58000183105469,66.47000122070312,21761.7890625,6000.35986328125,42762.87109375,16.770000457763672,99.19000244140625,104390.34375,466.652587890625,203.11419677734375,695.5401000976562,124.14700317382812,141.5216827392578,244.9453125,127.72000122070312,172.2914276123047,251.946044921875,527.3672485351562,81.62702941894531
2025-06-09,3332.10009765625,36.6879997253418,65.29000091552734,67.04000091552734,21797.869140625,6005.8798828125,42761.76171875,17.15999984741211,98.94000244140625,110294.1015625,469.0038146972656,200.65394592285156,691.9014892578125,122.44599914550781,142.43040466308594,242.31661987304688,132.05999755859375,175.39031982421875,256.16290283203125,528.1435546875,81.71311950683594
2025-06-10,3320.89990234375,36.54199981689453,64.9800033569336,66.87000274658203,21941.919921875,6038.81005859375,42866.87109375,16.950000762939453,99.05000305175781,110257.234375,467.1883239746094,201.86915588378906,700.2155151367188,120.36199951171875,143.758544921875,242.66380310058594,132.80999755859375,175.71705627441406,261.257080078125,531.63671875,82.1339111328125
2025-06-11,3321.300048828125,36.16600036621094,68.1500015258789,69.7699966430664,21860.80078125,6022.240234375,42865.76953125,17.260000228881836,98.62999725341797,108686.625,468.87481689453125,197.99452209472656,691.981201171875,121.98799896240234,142.64002990722656,250.87725830078125,136.38999938964844,174.62799072265625,261.0676574707031,529.8452758789062,82.38256072998047
2025-06-12,3380.89990234375,36.2130012512207,68.04000091552734,69.36000061035156,21913.3203125,6045.259765625,42967.62109375,18.020000457763672,97.91999816894531,105929.0546875,475.0752868652344,198.41285705566406,691.2035522460938,121.50299835205078,144.80714416503906,254.01185607910156,135.19000244140625,197.874755859375,262.3337097167969,531.0892944335938,83.36764526367188
2025-06-13,3431.199951171875,36.28099822998047,72.9800033569336,74.2300033569336,21631.0390625,5976.97021484375,42197.7890625,20.81999969482422,98.18000030517578,106090.96875,471.1962585449219,195.67372131347656,680.7462158203125,121.21499633789062,141.7811737060547,246.70108032226562,137.39999389648438,213.08218383789062,256.19281005859375,524.4215698242188,82.56429290771484
2025-06-16,3396.39990234375,36.37900161743164,71.7699966430664,73.2300033569336,21937.5703125,6033.10986328125,42515.08984375,19.110000610351562,98.0,106796.7578125,475.3431701660156,197.6359405517578,700.4749145507812,122.53500366210938,144.49754333496094,250.07376098632812,141.41000366210938,209.0030975341797,262.5630187988281,531.7162475585938,81.73223114013672
2025-06-17,3386.60009765625,37.09000015258789,74.83999633789062,76.44999694824219,21719.080078125,5982.72021484375,42215.80078125,21.600000381469727,98.81999969482422,104601.1171875,474.25189208984375,194.86692810058594,695.5963745117188,122.06700134277344,143.9282989501953,247.36570739746094,138.1999969482422,206.11209106445312,260.778564453125,526.5313720703125,82.72686767578125
2025-06-18,3389.800048828125,36.86600112915039,75.13999938964844,76.69999694824219,21719.689453125,5980.8701171875,42171.66015625,20.139999389648438,98.91000366210938,104883.328125,476.4344482421875,195.80320739746094,694.1398315429688,122.22899627685547,145.2864990234375,249.24050903320312,139.9600067138672,208.77537536621094,261.77545166015625,526.4417114257812,82.87033081054688
2025-06-20,3368.10009765625,35.97600173950195,74.93000030517578,77.01000213623047,21626.390625,5967.83984375,42206.8203125,20.6200008392334,98.70999908447266,103309.6015625,473.6169738769531,200.20574951171875,680.7511596679688,123.14099884033203,143.65866088867188,248.5644073486328,137.3000030517578,203.1320037841797,259.462646484375,524.292236328125,82.71732330322266
2025-06-23,3377.699951171875,36.15299987792969,68.51000213623047,71.4800033569336,21856.330078125,6025.169921875,42581.78125,19.829999923706055,98.41999816894531,105577.7734375,482.1487731933594,200.70375061035156,696.8933715820312,125.35399627685547,143.97824096679688,252.32286071777344,139.9199981689453,204.9833984375,261.1075439453125,529.6832275390625,82.98509979248047
2025-06-24,3317.39990234375,35.70100021362305,64.37000274658203,67.13999938964844,22190.51953125,6092.18017578125,43089.01953125,17.479999542236328,97.86000061035156,106045.6328125,486.2262268066406,199.50851440429688,710.5313110351562,127.91100311279297,147.70326232910156,262.26580810546875,143.22999572753906,213.1316680908203,270.69769287109375,537.7831420898438,83.58761596679688
2025-06-25,3327.10009765625,36.084999084472656,64.91999816894531,67.68000030517578,22237.740234375,6092.16015625,42982.4296875,16.760000228881836,97.68000030517578,107361.2578125,488.3691101074219,200.76353454589844,707.0194702148438,127.5250015258789,154.10475158691406,263.14080810546875,142.89999389648438,208.6268768310547,274.3463439941406,539.157958984375,83.69281768798828
2025-06-26,3333.5,36.58599853515625,65.23999786376953,67.7300033569336,22447.2890625,6141.02001953125,43386.83984375,16.59000015258789,97.1500015258789,106960.0,493.5080871582031,200.20574951171875,724.3887329101562,130.66700744628906,154.81381225585938,268.62933349609375,144.25,210.7060089111328,276.34014892578125,544.19921875,84.11361694335938
2025-06-27,3273.699951171875,36.0369987487793,65.5199966430664,67.7699966430664,22534.19921875,6173.06982421875,43819.26953125,16.31999969482422,97.4000015258789,107088.4296875,492.0100402832031,200.28543090820312,731.9111328125,132.31199645996094,157.54017639160156,267.8139953613281,130.74000549316406,208.15164184570312,277.5563659667969,546.0623779296875,83.57805633544922
2025-06-30,3294.39990234375,35.85200119018555,65.11000061035156,67.61000061035156,22679.009765625,6204.9501953125,44094.76953125,16.729999542236328,96.87999725341797,107135.3359375,493.4684143066406,204.3592529296875,736.3606567382812,133.91299438476562,157.77984619140625,274.0780334472656,136.32000732421875,216.4582977294922,278.0149230957031,549.5992431640625,84.4005355834961
2025-07-01,3336.699951171875,36.082000732421875,65.44999694824219,67.11000061035156,22478.130859375,6198.009765625,44494.94140625,16.829999923706055,96.81999969482422,105698.28125,488.1508483886719,206.99880981445312,717.5348510742188,129.36000061035156,153.09608459472656,263.2302551269531,130.67999267578125,216.78504943847656,274.9843444824219,544.9664306640625,84.60980987548828
2025-07-02,3348.0,36.42599868774414,67.44999694824219,69.11000061035156,22641.890625,6227.419921875,44484.421875,16.639999389648438,96.77999877929688,108859.3203125,487.198486328125,211.6005401611328,711.8980712890625,128.48599243164062,157.0408477783203,268.3608703613281,132.1199951171875,227.69554138183594,280.3775634765625,548.7623291015625,84.0722427368164
2025-07-03,3331.60009765625,36.784000396728516,67.0,68.80000305175781,22866.970703125,6279.35009765625,44828.53125,16.3799991607666,97.18000030517578,109647.9765625,494.8870849609375,212.7061309814453,717.3253784179688,129.71800231933594,159.1280517578125,273.6107482910156,134.36000061035156,234.96266174316406,282.740234375,554.1622924804688,83.48666381835938
2025-07-07,3332.199951171875,36.6150016784668,67.93000030517578,69.58000183105469,22685.5703125,6229.97998046875,44406.359375,17.790000915527344,97.4800033569336,108299.8515625,493.77593994140625,209.12037658691406,716.6668701171875,128.96200561523438,158.02951049804688,272.616455078125,139.1199951171875,229.95289611816406,278.8922119140625,549.98779296875,82.68990325927734
2025-07-08,3307.0,36.47200012207031,68.33000183105469,70.1500015258789,22702.25,6225.52001953125,44240.76171875,16.809999465942383,97.51000213623047,108950.2734375,492.68463134765625,209.18014526367188,718.9814453125,127.53099822998047,159.7871856689453,270.25,139.7100067138672,232.170654296875,282.6006774902344,550.2966918945312,82.58430480957031
2025-07-09,3311.60009765625,36.35100173950195,68.37999725341797,70.19000244140625,22864.91015625,6263.259765625,44458.30078125,15.9399995803833,97.47000122070312,111326.5546875,499.5200500488281,210.3056640625,731.0631103515625,128.8280029296875,162.66334533691406,276.31524658203125,143.1300048828125,233.46763610839844,284.53466796875,554.192138671875,83.4482650756836
2025-07-10,3317.39990234375,37.03799819946289,66.56999969482422,68.63999938964844,22829.259765625,6280.4599609375,44650.640625,15.779999732971191,97.6500015258789,115987.203125,497.5061340332031,211.57066345214844,725.5360107421875,125.05899810791016,163.88172912597656,273.8294677734375,142.5,233.1600799560547,286.62811279296875,553.3951416015625,83.50586700439453
2025-07-11,3356.0,38.67599868774414,68.44999694824219,70.36000061035156,22780.599609375,6259.75,44371.51171875,16.399999618530273,97.8499984741211,117516.9921875,499.3315734863281,210.3256072998047,715.8289184570312,124.51100158691406,164.7006378173828,272.8153076171875,142.10000610351562,228.7548370361328,286.59820556640625,552.1497802734375,82.35392761230469
2025-07-14,3351.5,38.46200180053711,66.9800033569336,69.20999908447266,22855.630859375,6268.56005859375,44459.6484375,17.200000762939453,98.08000183105469,119849.703125,499.033935546875,207.79562377929688,719.2308349609375,126.19499969482422,163.85177612304688,274.02838134765625,149.14999389648438,227.48486328125,284.4349670410156,554.15234375,82.1811294555664
2025-07-15,3329.800048828125,37.83399963378906,66.5199966430664,68.70999908447266,22884.58984375,6243.759765625,44023.2890625,17.3799991607666,98.62000274658203,117777.1875,501.811767578125,208.28369140625,708.7255249023438,126.0270004272461,170.4729461669922,279.337890625,148.5800018310547,233.1204071044922,289.89794921875,554.660400390625,81.60517883300781
2025-07-16,3352.5,37.85300064086914,66.37999725341797,68.5199966430664,22907.970703125,6263.7001953125,44254.78125,17.15999984741211,98.38999938964844,118738.5078125,501.6133117675781,209.32955932617188,701.2630004882812,125.03099822998047,171.14205932617188,279.2086181640625,150.91000366210938,239.41075134277344,288.3826599121094,555.2283935546875,81.72036743164062
2025-07-17,3340.10009765625,38.055999755859375,67.54000091552734,69.5199966430664,23081.05078125,6297.35986328125,44484.48828125,16.520000457763672,98.7300033569336,119289.84375,507.6451721191406,209.19009399414062,699.7665405273438,127.41699981689453,172.7698974609375,284.8164978027344,153.99000549316406,246.8024139404297,290.80511474609375,559.7216186523438,81.70116424560547
2025-07-18,3353.0,38.222999572753906,67.33999633789062,69.27999877929688,23065.470703125,6296.7900390625,44342.19140625,16.40999984741211,98.4800033569336,118003.2265625,506.00823974609375,210.3455047607422,702.6298828125,120.92400360107422,172.18067932128906,281.7242126464844,153.52000427246094,243.52825927734375,289.40948486328125,559.1836547851562,81.82595825195312
2025-07-21,3401.89990234375,39.10100173950195,67.19999694824219,69.20999908447266,23180.060546875,6305.60009765625,44323.0703125,16.649999618530273,97.8499984741211,117439.5390625,506.01812744140625,211.640380859375,711.2994384765625,123.3270034790039,171.1520538330078,286.5664367675781,151.7899932861328,241.63320922851562,289.6088562011719,562.0828857421875,82.55551147460938
2025-07-22,3439.199951171875,39.31999969482422,66.20999908447266,68.58999633789062,23063.580078125,6309.6201171875,44502.44140625,16.5,97.38999938964844,119995.4140625,501.2660827636719,213.5527801513672,703.1586303710938,119.00800323486328,166.80783081054688,277.00128173828125,149.07000732421875,236.2457275390625,284.48480224609375,559.1737060546875,83.05469512939453
2025-07-23,3394.10009765625,39.27799987792969,65.25,68.51000213623047,23162.41015625,6358.91015625,45010.2890625,15.369999885559082,97.20999908447266,118754.9609375,501.8613586425781,213.30377197265625,711.9080810546875,117.6780014038086,170.5528564453125,282.0722351074219,154.6300048828125,240.00604248046875,285.720947265625,561.7241821289062,82.59391021728516
2025-07-24,3371.0,39.020999908447266,66.02999877929688,69.18000030517578,23219.869140625,6363.35009765625,44693.91015625,15.390000343322754,97.37999725341797,118368.0,506.8316345214844,212.9153289794922,713.125244140625,118.07599639892578,173.50892639160156,287.0635681152344,154.86000061035156,240.92877197265625,286.9072570800781,562.9197387695312,82.44992065429688
2025-07-25,3334.0,38.16699981689453,65.16000366210938,68.44000244140625,23272.25,6388.64013671875,44901.921875,14.930000305175781,97.6500015258789,117635.8828125,509.6392822265625,213.0348358154297,711.0101318359375,118.04900360107422,173.26922607421875,288.5251770019531,158.8000030517578,243.20083618164062,286.59820556640625,564.2747802734375,82.96830749511719
2025-07-28,3309.10009765625,38.0260009765625,66.70999908447266,70.04000091552734,23356.26953125,6389.77001953125,44837.55859375,15.029999732971191,98.66000366210938,117924.4765625,508.4388122558594,213.2041778564453,715.9485473632812,117.45999908447266,176.51490783691406,292.6217041015625,157.8800048828125,245.77056884765625,290.5060729980469,566.0382080078125,82.43073272705078
2025-07-29,3323.39990234375,38.08399963378906,69.20999908447266,72.51000213623047,23308.30078125,6370.85986328125,44632.98828125,15.979999542236328,98.91000366210938,117922.1484375,508.5082702636719,210.43516540527344,698.35986328125,116.8740005493164,175.2765350341797,295.72393798828125,156.24000549316406,248.0227813720703,291.9914245605469,565.1614990234375,83.8226547241211
2025-07-30,3295.800048828125,37.566001892089844,70.0,73.23999786376953,23345.41015625,6362.89990234375,44461.28125,15.479999542236328,99.94000244140625,117831.1875,509.1729431152344,208.22393798828125,693.5811157226562,118.41999816894531,179.03155517578125,300.8942565917969,158.61000061035156,248.637939453125,295.3410339355469,565.9186401367188,83.39068603515625
2025-07-31,3293.199951171875,36.551998138427734,69.26000213623047,72.52999877929688,23218.119140625,6339.39013671875,44130.98046875,16.719999313354492,100.02999877929688,115758.203125,529.2723999023438,206.7498016357422,771.6278076171875,115.94000244140625,177.6334228515625,292.025146484375,158.35000610351562,251.7831268310547,287.88421630859375,562.9197387695312,83.43865203857422
2025-08-01,3347.699951171875,36.7869987487793,67.33000183105469,69.66999816894531,22763.310546875,6238.009765625,43588.578125,20.3799991607666,98.69000244140625,113320.0859375,519.9568481445312,201.5802764892578,748.2527465820312,115.86000061035156,173.4889373779297,286.9939880371094,154.27000427246094,242.50631713867188,283.0692138671875,551.8309326171875,84.62487030029297
2025-08-04,3374.39990234375,37.19200134277344,66.29000091552734,68.76000213623047,23188.609375,6329.93994140625,44173.640625,17.520000457763672,98.77999877929688,115071.8828125,531.3954467773438,202.5464630126953,774.5509643554688,117.0989990234375,179.7605743408203,296.0221862792969,160.66000366210938,250.55282592773438,289.28985595703125,562.0131225585938,84.85614013671875
2025-08-05,3381.89990234375,37.6870002746582,65.16000366210938,67.63999938964844,23018.560546875,6299.18994140625,44111.73828125,17.850000381469727,98.77999877929688,114141.4453125,523.5679321289062,202.11814880371094,761.6712036132812,114.78700256347656,178.02288818359375,291.259521484375,173.27000427246094,253.66822814941406,286.2094421386719,558.1973266601562,85.11634063720703
2025-08-06,3380.0,37.76599884033203,64.3499984741211,66.88999938964844,23315.0390625,6345.06005859375,44193.12109375,16.770000457763672,98.18000030517578,115028.0,520.7802734375,212.40733337402344,770.18115234375,117.8479995727539,179.1813507080078,299.94970703125,179.5399932861328,254.4222869873047,285.7309265136719,565.2213134765625,84.62487030029297
2025-08-07,3400.300048828125,38.15800094604492,63.880001068115234,66.43000030517578,23389.529296875,6340.0,43968.640625,16.56999969482422,98.4000015258789,117496.8984375,516.7127685546875,219.16053771972656,760.0449829101562,118.03700256347656,180.52957153320312,302.02777099609375,182.1999969482422,247.43740844726562,290.2169494628906,567.1340942382812,84.4803466796875
2025-08-08,3439.10009765625,38.41699981689453,63.880001068115234,66.58999633789062,23611.26953125,6389.4501953125,44175.609375,15.149999618530273,98.18000030517578,116688.7265625,517.9032592773438,228.44371032714844,767.4974975585938,121.16400146484375,182.4569854736328,303.2308654785156,186.9600067138672,248.0922393798828,292.6194763183594,572.4244995117188,84.11416625976562
2025-08-11,3353.10009765625,37.6619987487793,63.959999084472656,66.62999725341797,23526.630859375,6373.4501953125,43975.08984375,16.25,98.5199966430664,118731.4453125,517.6353759765625,226.53909301757812,764.0755615234375,121.83100128173828,181.81784057617188,302.16693115234375,182.67999267578125,250.70164489746094,292.4898681640625,570.730712890625,84.21054077148438
2025-08-12,3348.89990234375,37.89899826049805,63.16999816894531,66.12000274658203,23839.19921875,6445.759765625,44458.609375,14.729999542236328,98.0999984741211,120172.90625,525.046142578125,229.0021209716797,788.1489868164062,122.52799987792969,182.9163818359375,311.0460510253906,186.97000122070312,251.87240600585938,299.1690979003906,577.9041137695312,83.78653717041016
2025-08-13,3358.699951171875,38.499000549316406,62.650001525878906,65.62999725341797,23849.0390625,6466.580078125,44922.26953125,14.489999771118164,97.83999633789062,123344.0625,516.454833984375,232.6717529296875,778.2523193359375,120.44400024414062,181.3484649658203,307.3273620605469,184.3699951171875,242.2681884765625,300.345458984375,578.193115234375,84.4803466796875
2025-08-14,3335.199951171875,37.981998443603516,63.959999084472656,66.83999633789062,23832.439453125,6468.5400390625,44911.26171875,14.829999923706055,98.25,118359.578125,518.3396606445312,232.12330627441406,780.2974243164062,123.05599975585938,181.77789306640625,309.4552001953125,181.02000427246094,243.04209899902344,300.98345947265625,577.7446899414062,83.85398864746094
2025-08-15,3336.0,37.89400100708008,62.79999923706055,65.8499984741211,23712.0703125,6449.7998046875,44946.12109375,15.09000015258789,97.8499984741211,117398.3515625,516.0480346679688,230.9366455078125,783.3901977539062,123.8949966430664,180.20997619628906,304.5930480957031,177.1699981689453,246.3361053466797,294.73291015625,575.2042236328125,83.25655364990234
2025-08-18,3331.699951171875,37.95100021362305,63.41999816894531,66.5999984741211,23713.759765625,6449.14990234375,44911.8203125,14.989999771118164,98.16999816894531,116252.3125,513.0023193359375,230.23863220214844,765.572021484375,124.50900268554688,181.7678985595703,304.0163879394531,174.02999877929688,247.1199188232422,295.93914794921875,574.9750366210938,83.0156478881836
2025-08-19,3313.39990234375,37.26100158691406,62.349998474121094,65.79000091552734,23384.76953125,6411.3701171875,44922.26953125,15.569999694824219,98.2699966430664,112831.1796875,505.7304382324219,229.90956115722656,749.7192993164062,121.41500091552734,175.40638732910156,293.2282409667969,157.75,232.78305053710938,289.9677429199219,567.1739501953125,83.49745178222656
2025-08-20,3343.39990234375,37.70500183105469,63.209999084472656,66.83999633789062,23249.5703125,6395.77978515625,44938.30859375,15.6899995803833,98.22000122070312,114274.7421875,501.7125549316406,225.3723907470703,745.968017578125,121.38600158691406,175.1667022705078,289.50958251953125,156.00999450683594,233.2196044921875,288.06365966796875,563.8064575195312,83.68053436279297
2025-08-21,3336.89990234375,38.027000427246094,63.52000045776367,67.66999816894531,23142.580078125,6370.169921875,44785.5,16.600000381469727,98.62000274658203,112419.03125,501.06658935546875,224.26551818847656,737.3682250976562,120.62100219726562,174.7472381591797,287.9485168457031,156.17999267578125,231.33448791503906,286.56829833984375,561.1962280273438,83.26618194580078
2025-08-22,3374.39990234375,39.00299835205078,63.65999984741211,67.7300033569336,23498.119140625,6466.91015625,45631.73828125,14.220000267028809,97.72000122070312,116874.0859375,504.037841796875,227.11744689941406,753.021484375,120.46499633789062,177.7532501220703,292.32342529296875,158.74000549316406,234.5193328857422,292.7291564941406,569.85400390625,83.88290405273438
2025-08-25,3373.800048828125,38.676998138427734,64.80000305175781,68.80000305175781,23425.609375,6439.31982421875,45282.46875,14.789999961853027,98.43000030517578,110124.3515625,501.0865173339844,226.51914978027344,751.5350341796875,121.80699920654297,179.57083129882812,292.5521240234375,157.1699981689453,233.56686401367188,293.00830078125,568.210205078125,83.64200592041016
2025-08-26,3388.60009765625,38.582000732421875,63.25,67.22000122070312,23525.2890625,6465.93994140625,45418.0703125,14.619999885559082,98.2300033569336,111802.65625,498.8804931640625,228.6630859375,752.3331298828125,122.60900115966797,181.52822875976562,296.310546875,160.8699951171875,232.3762664794922,295.8294982910156,570.4915771484375,83.59381866455078
2025-08-27,3404.60009765625,38.68899917602539,64.1500015258789,68.05000305175781,23565.849609375,6481.39990234375,45565.23046875,14.850000381469727,98.2300033569336,111222.0625,503.5508728027344,229.8397674560547,745.62890625,122.3499984741211,181.35845947265625,298.53778076171875,156.72000122070312,233.96372985839844,296.7366638183594,571.368408203125,83.49745178222656
2025-08-28,3431.800048828125,39.189998626708984,64.5999984741211,68.62000274658203,23703.44921875,6501.85986328125,45636.8984375,14.430000305175781,97.80999755859375,112544.8046875,506.4326477050781,231.9039306640625,749.3501586914062,123.1449966430664,179.9303436279297,306.889892578125,158.1199951171875,238.4384307861328,297.952880859375,574.9451293945312,84.04670715332031
2025-08-29,3473.699951171875,40.20000076293945,64.01000213623047,68.12000274658203,23415.419921875,6460.259765625,45544.87890625,15.359999656677246,97.7699966430664,108410.8359375,503.501220703125,231.485107421875,736.96923828125,120.82499694824219,173.94830322265625,295.6941223144531,156.7100067138672,224.35952758789062,289.3895568847656,568.2898559570312,83.44926452636719
2025-09-02,3549.39990234375,41.07099914550781,65.58999633789062,69.13999938964844,23231.109375,6415.5400390625,45295.80859375,17.170000076293945,98.4000015258789,111200.5859375,501.9410705566406,229.0719451904297,733.3875732421875,121.41100311279297,170.5528564453125,296.53924560546875,157.08999633789062,223.5360107421875,285.59136962890625,563.5275268554688,82.8282699584961
2025-09-03,3593.199951171875,41.54199981689453,63.970001220703125,67.5999984741211,23414.83984375,6448.259765625,45271.23046875,16.350000381469727,98.13999938964844,111723.2109375,502.1696472167969,237.79725646972656,735.3230590820312,122.61799621582031,170.39305114746094,300.6656188964844,154.89999389648438,221.70050048828125,285.54150390625,567.9610595703125,83.73751831054688
2025-09-04,3565.800048828125,40.9109992980957,63.47999954223633,66.98999786376953,23633.009765625,6502.080078125,45621.2890625,15.300000190734863,98.3499984741211,110723.6015625,504.7731628417969,239.10353088378906,746.8959350585938,125.74800109863281,171.43167114257812,304.35443115234375,156.13999938964844,221.2540283203125,288.9608459472656,573.1019287109375,84.37592315673828
2025-09-05,3613.199951171875,41.07400131225586,61.869998931884766,65.5,23652.439453125,6481.5,45400.859375,15.180000305175781,97.7699966430664,110650.984375,491.8847961425781,239.01380920410156,750.68701171875,124.38200378417969,166.7978515625,332.98028564453125,153.11000061035156,230.97731018066406,292.3702697753906,573.9288940429688,85.66241455078125
2025-09-08,3638.10009765625,41.42599868774414,62.2599983215332,66.0199966430664,23762.30078125,6495.14990234375,45514.94921875,15.109999656677246,97.44999694824219,112071.4296875,495.06463623046875,237.20892333984375,750.537353515625,124.47599792480469,168.0861358642578,343.67889404296875,156.10000610351562,236.61282348632812,295.6001892089844,576.728515625,86.80378723144531
2025-09-09,3643.300048828125,40.87799835205078,62.630001068115234,66.38999938964844,23839.80078125,6512.60986328125,45711.33984375,15.039999961853027,97.79000091552734,111530.546875,495.2733459472656,233.6888885498047,763.9059448242188,126.32499694824219,170.53286743164062,334.7501220703125,162.36000061035156,239.6190948486328,296.8861999511719,578.3624267578125,86.31048583984375
2025-09-10,3643.60009765625,41.132999420166016,63.66999816894531,67.48999786376953,23849.26953125,6532.0400390625,45490.921875,15.350000381469727,97.77999877929688,113955.359375,497.2209777832031,226.1501922607422,750.2180786132812,124.77100372314453,177.09414672851562,367.4624938964844,166.74000549316406,325.75933837890625,299.8968200683594,578.5517578125,86.80378723144531
2025-09-11,3636.89990234375,41.696998596191406,62.369998931884766,66.37000274658203,23992.560546875,6587.47021484375,46108.0,14.710000038146973,97.54000091552734,115507.5390625,497.8569641113281,229.3810577392578,749.1406860351562,120.3499984741211,176.94430541992188,357.57916259765625,164.36000061035156,305.4496154785156,302.9872131347656,581.9192504882812,87.38417053222656
2025-09-12,3649.39990234375,42.387001037597656,62.689998626708984,66.98999786376953,24092.189453125,6584.2900390625,45834.21875,14.760000228881836,97.55000305175781,116101.578125,506.6910095214844,233.40968322753906,753.8196411132812,118.84400177001953,177.593505859375,357.8177795410156,171.42999267578125,289.89239501953125,303.37603759765625,584.4896850585938,87.0069351196289
2025-09-15,3682.199951171875,42.516998291015625,63.29999923706055,67.44000244140625,24293.779296875,6615.27978515625,45883.44921875,15.6899995803833,97.30000305175781,115444.875,512.1166381835938,236.03224182128906,762.9083251953125,120.22599792480469,177.52357482910156,362.01373291015625,171.2100067138672,299.7744445800781,306.2171936035156,589.4910888671875,87.2100601196289
2025-09-16,3688.89990234375,42.47100067138672,64.5199966430664,68.47000122070312,24274.25,6606.759765625,45757.8984375,16.360000610351562,96.62999725341797,116843.1875,505.83642578125,237.4781494140625,777.1748046875,120.0510025024414,174.65724182128906,357.9470520019531,170.25999450683594,304.24908447265625,306.2570495605469,588.992919921875,87.39383697509766
2025-09-17,3681.800048828125,41.72200012207031,64.05000305175781,67.94999694824219,24223.689453125,6600.35009765625,46018.3203125,15.720000267028809,96.87000274658203,116468.5078125,506.81024169921875,238.3157958984375,773.9024658203125,122.8499984741211,170.0730743408203,344.1959533691406,168.3300018310547,299.0501403808594,304.3031311035156,587.8173828125,87.17137145996094
2025-09-18,3643.699951171875,41.707000732421875,63.56999969482422,67.44000244140625,24454.890625,6631.9599609375,46142.421875,15.699999809265137,97.3499984741211,117137.203125,505.2501525878906,237.20892333984375,778.4218139648438,120.77799987792969,176.01551818847656,343.380615234375,176.97000122070312,294.297607421875,315.9867858886719,593.11767578125,86.27180480957031
2025-09-19,3671.5,42.5359992980957,62.68000030517578,66.68000030517578,24626.25,6664.35986328125,46315.26953125,15.449999809265137,97.63999938964844,115688.859375,514.67041015625,244.8074188232422,776.5562744140625,122.6969985961914,176.4449462890625,342.9729309082031,182.38999938964844,306.2433776855469,314.7306823730469,597.1327514648438,86.10736083984375
2025-09-22,3740.699951171875,43.79899978637695,62.63999938964844,66.56999969482422,24761.0703125,6693.75,46381.5390625,16.100000381469727,97.33000183105469,112748.5078125,511.21234130859375,255.35755920410156,763.8824462890625,122.73699951171875,183.37612915039062,337.4351806640625,179.3300018310547,325.5807800292969,321.170654296875,600.667724609375,85.7978286743164
2025-09-23,3780.60009765625,44.19200134277344,63.40999984741211,67.62999725341797,24580.169921875,6656.919921875,46292.78125,16.639999389648438,97.26000213623047,112014.5,506.0252685546875,253.7122344970703,754.1387939453125,121.84700012207031,178.2027130126953,337.5845642089844,182.5500030517578,311.37286376953125,320.7021179199219,596.6779174804688,86.39753723144531
2025-09-24,3732.10009765625,43.777000427246094,64.98999786376953,69.30999755859375,24503.5703125,6637.97021484375,46121.28125,16.18000030517578,97.87000274658203,113328.6328125,506.9394226074219,251.5981903076172,759.3899536132812,120.3949966430664,176.74456787109375,337.95306396484375,179.55999755859375,306.044921875,320.1139221191406,594.583251953125,86.06866455078125
2025-09-25,3736.89990234375,44.696998596191406,64.9800033569336,69.41999816894531,24397.310546875,6604.72021484375,45947.3203125,16.739999771118164,98.55000305175781,109049.2890625,503.8390808105469,256.14532470703125,747.6595458984375,120.8239974975586,177.4636688232422,334.7559509277344,179.1199951171875,289.0490417480469,320.0640869140625,592.0198364257812,86.06866455078125
2025-09-26,3775.300048828125,46.22100067138672,65.72000122070312,70.12999725341797,24503.849609375,6643.7001953125,46247.2890625,15.289999961853027,98.1500015258789,109712.828125,508.2411804199219,254.73931884765625,742.5081787109375,121.06099700927734,177.96302795410156,333.19219970703125,177.57000732421875,281.2406311035156,320.8217468261719,594.4535522460938,85.99128723144531
2025-09-29,3820.89990234375,46.61199951171875,63.45000076293945,67.97000122070312,24611.349609375,6661.2099609375,46316.0703125,16.1200008392334,97.91000366210938,114400.3828125,511.36138916015625,253.7122344970703,742.1588134765625,120.64099884033203,181.6183624267578,326.5887145996094,178.86000061035156,280.546142578125,321.65911865234375,597.20654296875,86.69739532470703
2025-09-30,3840.800048828125,46.25299835205078,62.369998931884766,67.0199966430664,24679.990234375,6688.4599609375,46397.890625,16.280000686645508,97.7699966430664,114056.0859375,514.6903686523438,253.9116668701172,733.15380859375,119.89199829101562,186.3423309326172,328.5906677246094,182.4199981689453,279.03802490234375,325.3476257324219,598.8424072265625,86.44590759277344
2025-10-01,3867.5,47.290000915527344,61.779998779296875,65.3499984741211,24800.859375,6711.2001953125,46441.1015625,16.290000915527344,97.70999908447266,118648.9296875,516.4393310546875,254.72933959960938,716.142333984375,117.08999633789062,187.0015106201172,332.0567932128906,184.9499969482422,286.7471923828125,332.6549072265625,601.7150268554688,86.66915130615234
2025-10-02,3839.699951171875,46.0,60.47999954223633,64.11000061035156,24892.759765625,6715.35009765625,46519.71875,16.6299991607666,97.8499984741211,120681.2578125,512.4942626953125,256.40460205078125,725.8360595703125,116.25299835205078,188.64939880371094,336.8276062011719,187.0500030517578,286.5190124511719,337.1907958984375,604.188720703125,86.92151641845703
2025-10-03,3880.800048828125,47.59700012207031,60.880001068115234,64.52999877929688,24785.51953125,6715.7900390625,46758.28125,16.649999618530273,97.72000122070312,122266.53125,514.0940551757812,257.2920837402344,709.3735961914062,115.33200073242188,187.38099670410156,337.016845703125,173.07000732421875,283.89971923828125,335.6356201171875,601.645263671875,86.75650024414062
2025-10-06,3948.5,48.082000732421875,61.689998626708984,65.47000122070312,24978.560546875,6740.27978515625,46694.96875,16.3700008392334,98.11000061035156,124752.53125,525.2435302734375,255.96583557128906,714.465087890625,116.33100128173828,185.3036651611328,334.1483459472656,179.52999877929688,289.3070068359375,342.3148498535156,606.1636962890625,86.06735229492188
2025-10-07,3976.60009765625,47.17900085449219,61.72999954223633,65.44999694824219,24840.23046875,6714.58984375,46602.98046875,17.239999771118164,98.58000183105469,121451.3828125,520.682373046875,255.75645446777344,711.889404296875,119.10600280761719,184.80429077148438,335.0646667480469,182.1699981689453,282.0145263671875,336.0044860839844,602.9718627929688,86.56239318847656
2025-10-08,4043.300048828125,48.65599822998047,62.54999923706055,66.25,25136.619140625,6753.72021484375,46601.78125,16.299999237060547,98.8499984741211,123354.8671875,521.546875,257.3320007324219,716.6414794921875,121.42500305175781,188.86911010742188,344.11834716796875,183.55999755859375,286.3702087402344,344.99652099609375,609.8842163085938,86.63033294677734
2025-10-09,3946.300048828125,46.849998474121094,61.5099983215332,65.22000122070312,25098.1796875,6735.10986328125,46358.421875,16.43000030517578,99.54000091552734,121705.5859375,519.1123657226562,253.32330322265625,732.2852783203125,123.10700225830078,192.32470703125,343.6402282714844,185.47000122070312,295.1462707519531,344.13916015625,609.1461181640625,86.56239318847656
2025-10-10,3975.89990234375,46.9379997253418,58.900001525878906,62.72999954223633,24221.740234375,6552.509765625,45479.6015625,21.65999984741211,98.9800033569336,113214.3671875,507.74432373046875,244.5780792236328,704.1223754882812,122.00800323486328,182.92669677734375,323.331787109375,175.44000244140625,291.1706848144531,324.330810546875,588.0000610351562,87.96012878417969
2025-10-13,4108.60009765625,50.130001068115234,59.4900016784668,63.31999969482422,24750.25,6654.72021484375,46067.578125,19.030000686645508,99.2699966430664,115271.078125,510.81488037109375,246.96133422851562,714.5050048828125,121.90299987792969,188.08013916015625,355.2735595703125,177.2100067138672,306.1287536621094,338.69610595703125,600.4782104492188,87.91158294677734
2025-10-14,4138.7001953125,50.31399917602539,58.70000076293945,62.38999938964844,24579.3203125,6644.31005859375,46270.4609375,20.809999465942383,99.05000305175781,113118.6640625,510.337890625,247.07101440429688,707.4668579101562,121.53500366210938,179.80067443847656,342.7538146972656,179.74000549316406,297.1737976074219,332.46551513671875,596.4784545898438,88.19307708740234
2025-10-15,4176.89990234375,51.073001861572266,58.27000045776367,61.90999984741211,24745.359375,6671.06005859375,46253.30859375,20.639999389648438,98.79000091552734,110783.1640625,510.1987609863281,248.63658142089844,716.3519287109375,120.3290023803711,179.60093688964844,349.92498779296875,179.6199951171875,301.76556396484375,340.7198181152344,600.6876831054688,87.99895477294922
2025-10-16,4280.2001953125,53.02299880981445,57.459999084472656,61.060001373291016,24657.240234375,6629.06982421875,45952.23828125,25.309999465942383,98.38999938964844,108186.0390625,508.3902282714844,246.7519073486328,710.881103515625,118.35900115966797,181.57839965820312,352.7337341308594,178.1199951171875,311.0882873535156,342.2350769042969,598.46337890625,88.65897369384766
2025-10-17,4189.89990234375,49.86399841308594,57.540000915527344,61.290000915527344,24817.94921875,6664.009765625,46190.609375,20.780000686645508,98.43000030517578,106467.7890625,510.347900390625,251.5782470703125,715.7229614257812,119.93599700927734,182.9866180419922,347.9329833984375,178.14999389648438,289.53076171875,341.76654052734375,602.393310546875,88.52308654785156
2025-10-20,4336.39990234375,51.11899948120117,57.52000045776367,61.0099983215332,25141.01953125,6735.1298828125,46706.578125,18.229999542236328,98.58999633789062,110588.9296875,513.53759765625,261.50018310546875,730.947509765625,123.85600280761719,182.4073486328125,347.8433532714844,181.58999633789062,275.487060546875,346.1429443359375,609.9839477539062,88.8628158569336
2025-10-21,4087.699951171875,47.45000076293945,57.81999969482422,61.31999969482422,25127.130859375,6735.35009765625,46924.73828125,17.8700008392334,98.93000030517578,108476.890625,514.4021606445312,262.0286865234375,732.0457153320312,124.13500213623047,180.9292449951172,341.2897033691406,181.50999450683594,273.4694519042969,344.2288818359375,609.8244018554688,89.29960632324219
2025-10-22,4044.39990234375,47.46099853515625,58.5,62.59000015258789,24879.009765625,6699.39990234375,46590.41015625,18.600000381469727,98.9000015258789,107688.5859375,517.2640380859375,257.72088623046875,732.1854248046875,111.63700103759766,180.05035400390625,338.9391174316406,175.49000549316406,270.99468994140625,337.5496826171875,603.9493408203125,89.35783386230469
2025-10-23,4125.5,48.481998443603516,61.790000915527344,65.98999786376953,25097.41015625,6738.43994140625,46734.609375,17.299999237060547,98.94000244140625,110069.7265625,517.283935546875,258.84765625,732.7744750976562,111.35900115966797,181.92796325683594,342.9131774902344,180.47999572753906,278.35943603515625,343.7304382324219,609.0264282226562,88.746337890625
2025-10-24,4118.39990234375,48.37699890136719,61.5,65.94000244140625,25358.16015625,6791.68994140625,47207.12109375,16.3700008392334,98.94999694824219,111033.921875,520.314697265625,262.07855224609375,737.1271362304688,109.46900177001953,186.02273559570312,352.7138366699219,184.6300048828125,281.5994873046875,350.0508117675781,615.52978515625,88.78516387939453
2025-10-27,4001.89990234375,46.5620002746582,61.310001373291016,65.62000274658203,25821.55078125,6875.16015625,47544.58984375,15.789999961853027,98.77999877929688,114119.328125,528.1749877929688,268.0516357421875,749.56640625,109.45600128173828,191.24609375,360.6021423339844,189.17999267578125,279.6812744140625,358.823486328125,626.4918823242188,89.08607482910156
2025-10-28,3966.199951171875,47.125,60.150001525878906,64.4000015258789,26012.150390625,6890.89013671875,47706.37109375,16.420000076293945,98.69000244140625,112956.1640625,538.6585693359375,268.2410888671875,750.1853637695312,110.25,200.77392578125,371.4784851074219,189.60000610351562,279.11474609375,361.983642578125,631.3095703125,89.31902313232422
2025-10-29,3983.699951171875,47.72100067138672,60.47999954223633,64.91999816894531,26119.849609375,6890.58984375,47632.0,16.920000076293945,99.22000122070312,110055.3046875,538.141845703125,268.93914794921875,750.4149780273438,110.04100036621094,206.77627563476562,384.43646240234375,198.80999755859375,273.6185302734375,367.4665832519531,634.15234375,88.41632080078125
2025-10-30,4001.300048828125,48.428001403808594,60.56999969482422,65.0,25734.810546875,6822.33984375,47522.12109375,16.90999984741211,99.52999877929688,108305.546875,522.451171875,270.63433837890625,665.357177734375,108.9000015258789,202.63156127929688,374.9645080566406,194.5500030517578,255.32101440429688,362.60174560546875,624.45703125,87.9018783569336
2025-10-31,3982.199951171875,47.99399948120117,60.97999954223633,65.06999969482422,25858.130859375,6840.2001953125,47562.87109375,17.440000534057617,99.80000305175781,109556.1640625,514.5512084960938,269.60723876953125,647.2674560546875,111.88600158691406,202.23207092285156,368.15185546875,200.47000122070312,261.00604248046875,361.8939208984375,627.4694213867188,87.63980865478516
2025-11-03,4000.300048828125,47.88800048828125,61.04999923706055,64.88999938964844,25972.939453125,6851.97021484375,47336.6796875,17.170000076293945,99.87000274658203,106547.5234375,513.776123046875,268.2909851074219,636.645263671875,110.00900268554688,206.61648559570312,361.1001281738281,207.17999267578125,256.275146484375,364.9643859863281,630.4716796875,87.42061614990234
2025-11-04,3947.699951171875,47.130001068115234,60.560001373291016,64.44000244140625,25435.69921875,6771.5498046875,47085.23828125,19.0,100.22000122070312,101590.5234375,511.0931701660156,269.2781982421875,626.2725830078125,109.2959976196289,198.43690490722656,350.5325622558594,190.74000549316406,246.6542510986328,351.665771484375,617.67431640625,87.6154556274414
2025-11-05,3980.300048828125,47.862998962402344,59.599998474121094,63.52000045776367,25620.029296875,6796.2900390625,47311.0,18.010000228881836,100.19999694824219,103891.8359375,503.9682312011719,269.3778991699219,634.88818359375,109.84600067138672,194.9613494873047,357.54443359375,187.89999389648438,248.78118896484375,358.3848571777344,621.6941528320312,86.66078186035156
2025-11-06,3979.89990234375,47.79399871826172,59.43000030517578,63.380001068115234,25130.0390625,6720.31982421875,46912.30078125,19.5,99.7300033569336,101301.2890625,493.9715576171875,269.0089416503906,617.9065551757812,109.7020034790039,187.84043884277344,354.16796875,175.0500030517578,242.3109588623047,350.0009460449219,610.1136474609375,87.44010162353516
2025-11-07,3999.39990234375,48.016998291015625,59.75,63.630001068115234,25059.810546875,6728.7998046875,46987.1015625,19.079999923706055,99.5999984741211,103372.40625,493.6933288574219,267.7126159667969,620.6719360351562,110.36599731445312,187.91030883789062,348.0325927734375,177.92999267578125,237.7986602783203,347.0401611328125,608.1885375976562,87.2550048828125
2025-11-10,4111.7998046875,50.176998138427734,60.130001068115234,64.05999755859375,25611.740234375,6832.43017578125,47368.62890625,17.600000381469727,99.62000274658203,105996.59375,502.8155212402344,268.9303283691406,630.7051391601562,112.00700378417969,198.7964630126953,356.9568176269531,193.61000061035156,239.3590850830078,357.67706298828125,621.6442260742188,87.23553466796875
2025-11-11,4106.7998046875,50.61800003051758,61.040000915527344,65.16000366210938,25533.490234375,6846.60986328125,47927.9609375,17.280000686645508,99.45999908447266,102997.46875,505.4786682128906,274.73956298828125,626.0330200195312,113.64399719238281,192.91395568847656,350.552490234375,190.9600067138672,234.70767211914062,349.9610595703125,619.9884643554688,87.63494110107422
2025-11-12,4204.39990234375,53.332000732421875,58.4900016784668,62.709999084472656,25517.330078125,6850.919921875,48254.8203125,17.510000228881836,99.4800033569336,101663.1875,507.9232177734375,272.962890625,607.9931640625,115.75,193.55313110351562,353.7994689941406,184.1699981689453,225.60362243652344,354.4271545410156,619.4996948242188,87.79080200195312
2025-11-13,4186.89990234375,53.07400131225586,58.689998626708984,63.0099983215332,24993.4609375,6737.490234375,47457.21875,20.0,99.18000030517578,99697.4921875,500.1225891113281,272.4438171386719,608.8717041015625,115.4229965209961,186.62197875976562,338.6203918457031,172.13999938964844,216.2411651611328,343.7503967285156,606.8519897460938,87.06991577148438
2025-11-14,4087.60009765625,50.59000015258789,60.09000015258789,64.38999938964844,25008.240234375,6734.10986328125,47147.48046875,19.829999923706055,99.2699966430664,94397.7890625,506.96923828125,271.90484619140625,608.4424438476562,111.21700286865234,189.92774963378906,341.0904541015625,174.00999450683594,221.48890686035156,343.909912109375,607.310791015625,86.5730972290039
2025-11-17,4068.300048828125,50.625,59.90999984741211,64.19999694824219,24799.919921875,6672.41015625,46590.23828125,22.3799991607666,99.58999633789062,92093.875,504.296142578125,266.9639892578125,601.0048217773438,110.29000091552734,186.36231994628906,341.2796936035156,171.25,218.5171661376953,339.244384765625,602.1240234375,86.78741455078125
2025-11-18,4061.300048828125,50.45000076293945,60.7400016784668,64.88999938964844,24503.099609375,6617.31982421875,46091.73828125,24.690000534057617,99.55000305175781,92948.875,490.6824035644531,266.94403076171875,596.6920776367188,114.08999633789062,181.12899780273438,339.1383361816406,167.3300018310547,219.14332580566406,332.25616455078125,594.7926635742188,86.75818634033203
2025-11-19,4077.699951171875,50.790000915527344,59.439998626708984,63.5099983215332,24640.51953125,6642.16015625,46138.76953125,23.65999984741211,100.2300033569336,91465.9921875,484.0543518066406,268.0619812011719,589.3343505859375,110.0,186.28240966796875,353.0026550292969,165.4199981689453,224.15252685546875,338.3870849609375,598.3436279296875,86.58284759521484
2025-11-20,4056.5,50.24700164794922,59.13999938964844,63.380001068115234,24054.380859375,6538.759765625,45752.26171875,26.420000076293945,100.16000366210938,86631.8984375,476.3088684082031,265.7562561035156,588.1663818359375,105.66999816894531,180.40989685058594,345.43304443359375,155.7449951171875,209.40316772460938,324.091552734375,584.1797485351562,86.92379760742188
2025-11-21,4076.699951171875,49.87300109863281,58.060001373291016,62.560001373291016,24239.5703125,6602.990234375,46245.41015625,23.43000030517578,100.18000030517578,85090.6875,470.0268249511719,270.98651123046875,593.2578125,104.30999755859375,178.6521453857422,338.8395080566406,154.85000610351562,197.54603576660156,325.1183776855469,588.568603515625,87.18682098388672
2025-11-24,4091.89990234375,50.29499816894531,58.84000015258789,63.369998931884766,24873.849609375,6705.1201171875,46448.26953125,20.520000457763672,100.13999938964844,88270.5625,471.8985290527344,275.4083557128906,612.0264282226562,106.97000122070312,182.31747436523438,376.448486328125,162.25,199.05674743652344,338.06805419921875,603.6201782226562,87.68363952636719
2025-11-25,4139.2001953125,50.933998107910156,57.95000076293945,62.47999954223633,25018.359375,6765.8798828125,47112.44921875,18.559999465942383,99.66000366210938,87341.890625,474.8752136230469,276.45635986328125,635.15771484375,104.4000015258789,177.593505859375,383.490234375,163.5500030517578,195.82659912109375,338.955322265625,607.3407592773438,87.9076919555664
2025-11-26,4165.2001953125,52.91600036621094,58.650001525878906,63.130001068115234,25236.939453125,6812.60986328125,47427.12109375,17.190000534057617,99.5999984741211,90518.3671875,483.3475036621094,277.0353088378906,632.5521240234375,106.13999938964844,180.03036499023438,395.9801025390625,165.77000427246094,203.7081756591797,346.63140869140625,612.70703125,88.29736328125
2025-11-28,4218.2998046875,56.44599914550781,58.54999923706055,63.20000076293945,25434.890625,6849.08984375,47716.421875,16.350000381469727,99.45999908447266,90919.265625,489.82867431640625,278.3328857421875,646.8681640625,107.58000183105469,176.7745361328125,401.3485107421875,168.4499969482422,200.71653747558594,351.187255859375,617.67431640625,87.87847900390625
2025-12-01,4239.2998046875,58.417999267578125,59.31999969482422,63.16999816894531,25342.849609375,6812.6298828125,47289.328125,17.239999771118164,99.41000366210938,86321.5703125,484.5820007324219,282.57501220703125,639.7999877929688,109.12999725341797,179.69081115722656,384.5360107421875,167.49000549316406,199.7127227783203,351.8651428222656,615.599609375,86.78450775146484
2025-12-02,4186.60009765625,57.983001708984375,58.63999938964844,62.45000076293945,25555.859375,6829.3701171875,47474.4609375,16.59000015258789,99.36000061035156,91350.203125,487.82757568359375,285.6592712402344,646.01953125,109.3499984741211,181.22886657714844,380.0440979003906,170.69000244140625,199.8717498779297,358.3150634765625,620.4172973632812,86.82360076904297
2025-12-03,4199.2998046875,57.92100143432617,58.95000076293945,62.66999816894531,25606.5390625,6849.72021484375,47882.8984375,16.079999923706055,98.8499984741211,93527.8046875,475.6119689941406,283.623046875,638.5321044921875,103.95999908447266,179.3612518310547,379.0879211425781,176.0800018310547,206.46124267578125,363.23974609375,621.9334716796875,87.06800079345703
2025-12-04,4211.7998046875,56.84700012207031,59.66999816894531,63.2599983215332,25581.69921875,6857.1201171875,47850.94140625,15.779999732971191,98.98999786376953,92141.625,478.7081604003906,280.179443359375,660.4254760742188,103.22000122070312,183.15660095214844,379.5062561035156,177.9199981689453,213.0209503173828,360.47833251953125,621.35498046875,86.5987548828125
2025-12-05,4212.89990234375,58.422000885009766,60.08000183105469,63.75,25692.05078125,6870.39990234375,47954.98828125,15.40999984741211,98.98999786376953,89387.7578125,481.01788330078125,278.26300048828125,672.2955932617188,100.23999786376953,182.1877899169922,388.6794128417969,181.75999450683594,216.25108337402344,363.28961181640625,623.8884887695312,86.19792175292969
2025-12-08,4187.2001953125,57.77899932861328,58.880001068115234,62.4900016784668,25627.94921875,6846.509765625,47739.3203125,16.65999984741211,99.08999633789062,90640.203125,488.8430480957031,277.3746643066406,665.6866455078125,96.79000091552734,185.323974609375,399.4959716796875,181.49000549316406,219.1929931640625,367.4067687988281,622.6915283203125,85.91439819335938
2025-12-09,4206.7001953125,60.16899871826172,58.25,61.939998626708984,25668.689453125,6840.509765625,47560.2890625,16.93000030517578,99.22000122070312,92691.7109375,489.8385925292969,276.6659851074219,655.8630981445312,96.70999908447266,184.7446746826172,404.66522216796875,181.83999633789062,220.1769561767578,367.8553771972656,623.4595336914062,86.00238800048828
2025-12-10,4196.39990234375,60.37900161743164,58.459999084472656,62.209999084472656,25776.439453125,6886.68017578125,48057.75,15.770000457763672,98.79000091552734,92020.9453125,476.4382629394531,278.26300048828125,649.0444946289062,92.70999908447266,183.55612182617188,411.3185119628906,187.91000366210938,221.64791870117188,372.9395751953125,626.0130615234375,86.33479309082031
2025-12-11,4285.5,63.92900085449219,57.599998474121094,61.279998779296875,25686.689453125,6901.0,48704.01171875,14.850000381469727,98.3499984741211,92511.3359375,481.3265075683594,277.514404296875,651.6202392578125,94.08999633789062,180.70957946777344,404.7449035644531,187.5399932861328,197.635498046875,369.7395324707031,623.98828125,86.21747589111328
2025-12-12,4300.10009765625,61.36199951171875,57.439998626708984,61.119998931884766,25196.73046875,6827.41015625,48458.05078125,15.739999771118164,98.4000015258789,90270.4140625,476.4084167480469,277.763916015625,643.1543579101562,95.19000244140625,174.80679321289062,358.4906005859375,183.57000732421875,188.80972290039062,353.02154541015625,612.0586547851562,85.38648223876953
2025-12-15,4306.7001953125,62.939998626708984,56.81999969482422,60.560001373291016,25067.26953125,6816.509765625,48416.55859375,16.5,98.1500015258789,86419.78125,472.7148742675781,273.6016540527344,646.9561157226562,93.7699966430664,176.07522583007812,338.4510803222656,183.25,183.79055786132812,351.8053283691406,608.9865112304688,85.44513702392578
2025-12-16,4304.5,62.70000076293945,55.27000045776367,58.91999816894531,25132.939453125,6800.259765625,48114.26171875,16.479999542236328,98.1500015258789,87843.984375,474.2779235839844,274.1007385253906,656.587890625,94.56999969482422,177.5034942626953,339.93511962890625,187.75,187.49777221679688,350.8482971191406,610.1934204101562,85.91439819335938
2025-12-17,4347.5,66.23699951171875,55.939998626708984,59.68000030517578,24647.609375,6721.43017578125,47885.96875,17.6200008392334,98.37000274658203,86143.7578125,474.00909423828125,271.33587646484375,648.9443969726562,94.79000091552734,170.73175048828125,324.7162170410156,177.2899932861328,177.37002563476562,338.18768310546875,598.8822631835938,85.83619689941406
2025-12-18,4339.5,64.59200286865234,56.150001525878906,59.81999969482422,25019.369140625,6774.759765625,47951.8515625,16.8700008392334,98.43000030517578,85462.5078125,481.8342590332031,271.68524169921875,663.881591796875,94.0,173.9278564453125,328.560791015625,185.69000244140625,178.930419921875,346.1728515625,607.5601196289062,86.2468032836914
2025-12-19,4361.39990234375,66.84500122070312,56.65999984741211,60.470001220703125,25346.1796875,6834.5,48134.890625,14.90999984741211,98.5999984741211,88103.3828125,483.7656555175781,273.1625061035156,658.2064819335938,94.38999938964844,180.76953125,338.99884033203125,193.3800048828125,190.79751586914062,355.125,615.47998046875,85.92489624023438
2025-12-22,4444.60009765625,67.90599822998047,58.0099983215332,62.06999969482422,25461.69921875,6878.490234375,48362.6796875,14.079999923706055,98.29000091552734,88490.015625,482.7701110839844,270.4674987792969,660.9341430664062,93.2300033569336,183.4662322998047,340.7352600097656,193.97999572753906,197.16836547851562,359.70001220703125,618.4302368164062,85.73841857910156
2025-12-23,4482.7998046875,70.48500061035156,58.380001068115234,62.380001068115234,25587.830078125,6909.7900390625,48442.41015625,14.0,97.94000244140625,87414.0,484.6915588378906,271.85491943359375,664.3711547851562,93.5,188.97952270507812,348.5887756347656,194.1300048828125,194.14691162109375,363.1600036621094,621.3265380859375,85.87581634521484
2025-12-24,4480.60009765625,71.03099822998047,58.349998474121094,62.2400016784668,25656.150390625,6932.0498046875,48731.16015625,13.470000267028809,97.9800033569336,87611.9609375,485.8563232421875,273.3022155761719,666.9789428710938,93.63999938964844,188.38023376464844,349.48687744140625,194.1699981689453,196.28379821777344,364.1700134277344,623.144287109375,86.39598083496094
2025-12-26,4529.10009765625,76.48600006103516,56.7400016784668,60.63999938964844,25644.390625,6929.93994140625,48710.96875,13.600000381469727,98.0199966430664,87301.4296875,485.5477294921875,272.89300537109375,662.7225952148438,94.47000122070312,190.2978973388672,351.39288330078125,188.7100067138672,196.78074645996094,365.8599853515625,623.1043090820312,86.11135864257812
2025-12-29,4325.10009765625,69.85600280761719,58.08000183105469,61.939998626708984,25525.560546875,6905.740234375,48461.9296875,14.199999809265137,98.04000091552734,87138.140625,484.9404296875,273.2523498535156,658.1265258789062,94.1500015258789,187.99070739746094,348.65863037109375,184.17999267578125,194.18667602539062,364.2099914550781,620.088134765625,86.43524169921875
2025-12-30,4370.10009765625,77.3740005493164,57.95000076293945,61.91999816894531,25462.560546875,6896.240234375,48367.05859375,14.329999923706055,98.23999786376953,88430.1328125,485.3187561035156,272.57354736328125,665.3803100585938,93.77999877929688,187.31153869628906,349.1176452636719,180.83999633789062,196.00550842285156,363.30999755859375,618.64990234375,86.22913360595703
2025-12-31,4325.60009765625,70.13400268554688,57.41999816894531,60.849998474121094,25249.849609375,6845.5,48063.2890625,14.949999809265137,98.27999877929688,87508.828125,481.4758605957031,271.3558349609375,659.5253295898438,93.76000213623047,186.27279663085938,345.3755187988281,177.75,193.71954345703125,360.1300048828125,613.536376953125,85.54212951660156
2026-01-02,4314.39990234375,70.55599975585938,57.31999969482422,60.75,25206.169921875,6858.47021484375,48382.390625,14.510000228881836,98.41999816894531,89944.6953125,470.84320068359375,270.5074462890625,649.8535766601562,90.98999786376953,188.6199493408203,346.8923034667969,167.86000061035156,194.51467895507812,373.29998779296875,612.347900390625,85.41454315185547
2026-01-05,4436.89990234375,76.16400146484375,58.31999969482422,61.7599983215332,25401.3203125,6902.0498046875,48977.1796875,14.899999618530273,98.2699966430664,93882.5546875,470.75360107421875,266.764404296875,658.2264404296875,91.45999908447266,187.89083862304688,342.7011413574219,174.0399932861328,191.41371154785156,377.5899963378906,617.2117309570312,85.83656311035156
2026-01-06,4482.2001953125,80.52999877929688,57.130001068115234,60.70000076293945,25639.7109375,6944.81982421875,49462.078125,14.75,98.58000183105469,93729.03125,476.3885192871094,261.87347412109375,660.0548706054688,90.6500015258789,187.0119171142578,343.0503845214844,179.7100067138672,192.56663513183594,387.6199951171875,622.6348876953125,85.65990447998047
2026-01-07,4449.2998046875,77.13500213623047,55.9900016784668,59.959999084472656,25653.900390625,6920.93017578125,48996.078125,15.380000114440918,98.68000030517578,91308.0546875,481.3265075683594,259.84722900390625,648.1350708007812,90.7300033569336,188.87962341308594,342.78094482421875,181.67999267578125,191.6621856689453,385.0199890136719,623.2341918945312,86.16043853759766
2026-01-08,4449.7001953125,74.71600341796875,57.7599983215332,61.9900016784668,25507.099609375,6921.4599609375,49266.109375,15.449999809265137,98.93000030517578,91027.125,475.9902648925781,258.55963134765625,645.50732421875,90.52999877929688,184.8145751953125,331.7840270996094,176.86000061035156,188.49166870117188,378.9800109863281,619.6885986328125,85.72859954833984
2026-01-09,4490.2998046875,78.88400268554688,59.119998931884766,63.34000015258789,25766.259765625,6966.27978515625,49504.0703125,14.489999771118164,99.12999725341797,90513.1015625,477.15509033203125,258.8890075683594,652.5013427734375,89.45999908447266,184.63479614257812,344.24786376953125,177.49000549316406,197.82907104492188,389.2200012207031,625.86083984375,86.2978286743164
2026-01-12,4604.2998046875,84.61000061035156,59.5,63.869998931884766,25787.66015625,6977.27001953125,49590.19921875,15.119999885559082,98.86000061035156,91192.9921875,475.06439208984375,259.7673645019531,641.4207763671875,89.41000366210938,184.71470642089844,351.47271728515625,179.41000366210938,203.96762084960938,390.6600036621094,626.3801879882812,86.04265594482422
2026-01-13,4589.2001953125,85.87699890136719,61.150001525878906,65.47000122070312,25741.94921875,6963.740234375,49191.98828125,15.979999542236328,99.12999725341797,95321.78125,468.5832824707031,260.5658874511719,630.5501708984375,90.31999969482422,185.58364868164062,353.86767578125,178.9600067138672,201.5859375,391.5299987792969,625.4513549804688,86.18987274169922
2026-01-14,4626.2998046875,90.86900329589844,62.02000045776367,66.5199966430664,25465.939453125,6926.60009765625,49149.62890625,16.75,99.12999725341797,96929.328125,457.3433532714844,259.4779052734375,614.9934692382812,88.55000305175781,182.91690063476562,339.17852783203125,178.39999389648438,192.9361572265625,388.3500061035156,618.769775390625,86.69041442871094
2026-01-15,4616.2998046875,91.8759994506836,59.189998626708984,63.7599983215332,25547.0703125,6944.47021484375,49442.44140625,15.84000015258789,99.31999969482422,95551.1875,454.6354064941406,257.7311706542969,620.2689208984375,88.05000305175781,186.82212829589844,342.30194091796875,177.07000732421875,189.18923950195312,396.4100036621094,620.9970092773438,86.67078399658203
2026-01-16,4588.39990234375,88.09100341796875,59.439998626708984,64.12999725341797,25529.259765625,6940.009765625,49359.328125,15.859999656677246,99.38999938964844,95525.1171875,457.8211975097656,255.05612182617188,619.7194213867188,88.0,186.0031280517578,350.9737548828125,170.9600067138672,190.4249267578125,400.3900146484375,620.4776611328125,86.17025756835938
2026-01-20,4759.60009765625,94.20600128173828,60.34000015258789,64.91999816894531,24987.5703125,6796.85986328125,48488.58984375,20.09000015258789,98.63999938964844,88310.90625,452.5048522949219,246.2425079345703,603.6032104492188,87.26000213623047,177.85308837890625,331.9037780761719,168.52999877929688,179.29379272460938,390.3900146484375,607.2942504882812,85.0416030883789
2026-01-21,4831.7998046875,92.20999908447266,60.619998931884766,65.23999786376953,25326.580078125,6875.6201171875,49077.23046875,16.899999618530273,98.76000213623047,89376.9609375,442.1409912109375,247.1907501220703,612.4356689453125,85.36000061035156,183.09669494628906,328.1116943359375,165.3300018310547,173.2748260498047,401.92999267578125,615.50390625,85.68933868408203
2026-01-22,4908.7998046875,95.97599792480469,59.36000061035156,64.05999755859375,25518.349609375,6913.35009765625,49384.01171875,15.640000343322754,98.36000061035156,89462.453125,449.1398620605469,247.8894500732422,647.0759887695312,83.54000091552734,184.6148223876953,324.8086242675781,165.89999389648438,177.55984497070312,402.82000732421875,619.978271484375,86.06229400634766
2026-01-23,4976.2001953125,100.92500305175781,61.06999969482422,65.87999725341797,25605.470703125,6915.60986328125,49098.7109375,16.09000015258789,97.5999984741211,89503.875,463.8841857910156,247.58001708984375,658.1964721679688,86.12000274658203,187.44137573242188,319.3800354003906,169.60000610351562,176.5434112548828,400.0899963378906,621.935791015625,86.2978286743164
2026-01-26,5079.7001953125,115.08000183105469,60.630001068115234,65.58999633789062,25713.2109375,6950.22998046875,49412.3984375,16.149999618530273,97.04000091552734,88267.140625,468.1949768066406,254.93637084960938,671.7847900390625,85.69999694824219,186.2428436279297,324.16998291015625,167.47000122070312,181.80503845214844,398.82000732421875,624.67236328125,86.71003723144531
2026-01-27,5079.89990234375,105.52300262451172,62.38999938964844,67.56999969482422,25939.740234375,6978.60009765625,49003.41015625,16.350000381469727,96.22000122070312,89102.5703125,478.4493408203125,257.7910461425781,672.394287109375,85.58000183105469,188.29034423828125,332.0933837890625,165.6999969482422,174.291259765625,407.25,630.335205078125,86.17025756835938
2026-01-28,5301.60009765625,113.11100006103516,63.209999084472656,68.4000015258789,26022.7890625,6978.02978515625,49015.6015625,16.350000381469727,96.44999694824219,89184.5703125,479.4946594238281,255.96444702148438,668.1578979492188,84.63999938964844,191.28668212890625,332.54241943359375,157.35000610351562,172.19857788085938,416.6300048828125,632.4225463867188,85.97395324707031
2026-01-29,5318.39990234375,114.03700256347656,65.41999816894531,70.70999908447266,25884.30078125,6969.009765625,49071.55859375,16.8799991607666,96.27999877929688,84561.5859375,431.57806396484375,257.801025390625,737.6784057617188,83.16000366210938,192.27548217773438,330.0376892089844,151.86000061035156,168.42176818847656,417.5199890136719,628.6373291015625,85.99359893798828
2026-01-30,4713.89990234375,78.29000091552734,65.20999908447266,70.69000244140625,25552.390625,6939.02978515625,48892.46875,17.440000534057617,96.98999786376953,84128.65625,428.3822937011719,258.99884033203125,715.8870849609375,83.48999786376953,190.8971710205078,330.6064758300781,146.58999633789062,164.00718688964844,403.4599914550781,621.0868530273438,85.51268005371094
2026-02-02,4622.5,76.77799987792969,62.13999938964844,66.30000305175781,25738.609375,6976.43994140625,49407.66015625,16.34000015258789,97.61000061035156,78688.765625,421.49298095703125,269.50927734375,705.8056640625,82.76000213623047,185.38388061523438,330.4168701171875,147.75999450683594,159.50291442871094,407.9700012207031,625.3515014648438,85.26836395263672
2026-02-03,4903.7001953125,83.04199981689453,63.209999084472656,67.33000183105469,25338.619140625,6917.81005859375,49240.98828125,18.0,97.44000244140625,75633.546875,409.3868713378906,268.98028564453125,691.1082763671875,79.94000244140625,180.12030029296875,319.659423828125,157.8800048828125,154.13168334960938,397.67999267578125,615.7435913085938,85.47525024414062
2026-02-04,4920.39990234375,84.16500091552734,65.13999938964844,69.45999908447266,24891.240234375,6882.72021484375,49501.30078125,18.639999389648438,97.62000274658203,73019.703125,412.35369873046875,275.97723388671875,668.417724609375,80.16000366210938,173.97781372070312,307.4051513671875,139.5399932861328,146.15951538085938,382.0199890136719,604.9871826171875,85.25850677490234
2026-02-05,4861.39990234375,76.52899932861328,63.290000915527344,67.55000305175781,24548.689453125,6798.39990234375,48908.71875,21.770000457763672,97.81999969482422,62702.09765625,391.9246520996094,275.3983459472656,669.63671875,80.87000274658203,171.67062377929688,309.8600158691406,130.00999450683594,136.00498962402344,381.07000732421875,596.2781982421875,86.18458557128906
2026-02-06,4951.2001953125,76.73500061035156,63.54999923706055,68.05000305175781,25075.76953125,6932.2998046875,50115.671875,20.3700008392334,97.62999725341797,70555.390625,399.3615417480469,277.6042175292969,660.8941650390625,82.19999694824219,185.18414306640625,332.2231140136719,135.89999389648438,142.32293701171875,401.6499938964844,608.8822631835938,86.24369812011719
2026-02-09,5050.89990234375,82.06500244140625,64.36000061035156,69.04000091552734,25268.140625,6964.81982421875,50135.87109375,17.360000610351562,96.81999969482422,70120.78125,411.76629638671875,274.3672180175781,676.640625,81.47000122070312,189.80848693847656,343.22003173828125,142.91000366210938,156.0449981689453,406.6499938964844,613.54638671875,86.22399139404297
2026-02-10,5003.7998046875,80.21800231933594,63.959999084472656,68.80000305175781,25127.640625,6941.81005859375,50188.140625,17.790000915527344,96.80000305175781,68793.9609375,411.437744140625,273.4280700683594,670.1461791992188,82.20999908447266,188.31031799316406,339.72735595703125,139.50999450683594,159.33351135253906,404.760009765625,610.699951171875,87.21903991699219
2026-02-11,5071.60009765625,83.75399780273438,64.62999725341797,69.4000015258789,25201.259765625,6941.47021484375,50121.3984375,17.649999618530273,96.83000183105469,66991.96875,402.5771789550781,275.24639892578125,668.1179809570312,79.62000274658203,189.81849670410156,342.0425109863281,135.67999267578125,156.61302185058594,414.7799987792969,612.337890625,86.75599670410156
2026-02-12,4923.7001953125,75.5459976196289,62.84000015258789,67.5199966430664,24687.609375,6832.759765625,49451.98046875,20.81999969482422,96.93000030517578,66221.84375,400.05841064453125,261.4891052246094,649.254150390625,75.86000061035156,186.7122802734375,330.4767761230469,129.1300048828125,155.9353790283203,406.1099853515625,599.8836059570312,87.90868377685547
2026-02-13,5022.0,77.85099792480469,62.88999938964844,67.75,24732.73046875,6836.169921875,49500.9296875,20.600000381469727,96.87999725341797,68857.84375,399.5407409667969,255.5445556640625,639.2227172851562,76.87000274658203,182.58729553222656,324.48931884765625,131.41000366210938,159.5826416015625,407.7200012207031,601.1619873046875,88.39141845703125
2026-02-17,4882.89990234375,73.4469985961914,62.33000183105469,67.41999816894531,24701.599609375,6843.22021484375,49533.19140625,20.290000915527344,97.16000366210938,67494.21875,395.1004943847656,263.6371154785156,638.7431030273438,77.0,184.7446746826172,331.8439025878906,133.02000427246094,153.43411254882812,407.510009765625,600.542724609375,88.53919982910156
2026-02-18,4986.5,77.50900268554688,65.19000244140625,70.3499984741211,24898.869140625,6881.31005859375,49662.66015625,19.6200008392334,97.69999694824219,66425.3203125,397.8283386230469,264.106689453125,642.6697387695312,77.98999786376953,187.75099182128906,332.8118591308594,135.3800048828125,155.62646484375,412.54998779296875,605.027099609375,88.20423126220703
2026-02-19,4975.89990234375,77.56500244140625,66.43000030517578,71.66000366210938,24797.33984375,6861.89013671875,49395.16015625,20.229999542236328,97.93000030517578,66957.5234375,397.5988464355469,260.3401184082031,644.2284545898438,77.0,187.6710968017578,333.29083251953125,134.88999938964844,155.9951629638672,410.20001220703125,602.7100219726562,88.29289245605469
2026-02-20,5059.2998046875,82.28299713134766,66.38999938964844,71.76000213623047,25012.619140625,6909.509765625,49625.96875,19.09000015258789,97.80000305175781,68005.421875,396.37152099609375,264.3364562988281,655.09912109375,78.66999816894531,189.58877563476562,331.9536437988281,135.24000549316406,147.5646209716797,415.0299987792969,608.0433349609375,88.08601379394531
2026-02-23,5204.7001953125,86.52300262451172,66.30999755859375,71.48999786376953,24708.939453125,6837.75,48804.05859375,21.010000228881836,97.69999694824219,64616.73828125,383.6390686035156,265.9349670410156,636.7048950195312,76.0199966430664,191.316650390625,329.64849853515625,130.60000610351562,140.81817626953125,412.8800048828125,600.652587890625,88.41112518310547
2026-02-24,5155.7998046875,87.45700073242188,65.62999725341797,70.7699966430664,24977.0390625,6890.06982421875,49174.5,19.549999237060547,97.87999725341797,64080.04296875,388.1593017578125,271.8895263671875,638.7531127929688,78.04000091552734,192.61508178710938,324.8086242675781,128.83999633789062,145.63136291503906,419.1600036621094,607.1044921875,88.56875610351562
2026-02-25,5206.39990234375,90.93900299072266,65.41999816894531,70.8499984741211,25329.0390625,6946.1298828125,49482.1484375,17.93000030517578,97.69999694824219,67960.125,399.7342224121094,273.97760009765625,653.1307983398438,82.69999694824219,195.32176208496094,331.6143798828125,134.19000244140625,147.37527465820312,426.1600036621094,615.9033813476562,88.57859802246094
2026-02-26,5176.5,86.99800109863281,65.20999908447266,70.75,25034.369140625,6908.85986328125,49499.19921875,18.6299991607666,97.79000091552734,67453.7734375,400.851806640625,272.6987609863281,656.447998046875,84.58999633789062,184.66476440429688,321.0265808105469,135.94000244140625,149.78684997558594,412.010009765625,608.4727783203125,88.93326568603516
2026-02-27,5230.5,92.68199920654297,67.0199966430664,72.4800033569336,24960.0390625,6878.8798828125,48977.921875,19.860000610351562,97.61000061035156,65881.796875,391.8912048339844,263.93682861328125,647.62548828125,96.23999786376953,176.97415161132812,318.8810729980469,137.19000244140625,144.89393615722656,406.3699951171875,606.5252075195312,89.47512817382812
2026-03-02,5294.39990234375,88.28399658203125,71.2300033569336,77.73999786376953,24992.599609375,6881.6201171875,48904.78125,21.440000534057617,98.37999725341797,68775.8515625,397.6886291503906,264.476318359375,653.0009155273438,97.08999633789062,182.25770568847656,318.1526184082031,145.1699981689453,148.7305450439453,406.3900146484375,607.32421875,88.57660675048828
2026-03-03,5107.39990234375,82.9229965209961,74.55999755859375,81.4000015258789,24720.080078125,6816.6298828125,48501.26953125,23.56999969482422,99.05000305175781,68293.6484375,403.0570068359375,263.5072326660156,654.5196533203125,97.69999694824219,179.83065795898438,313.18304443359375,147.22000122070312,148.4913787841797,391.05999755859375,600.8224487304688,88.39868927001953
2026-03-04,5120.2001953125,82.63300323486328,74.66000366210938,81.4000015258789,25093.6796875,6869.5,48739.41015625,21.149999618530273,98.7699966430664,72710.578125,404.32427978515625,262.2783508300781,667.1587524414062,98.66000366210938,182.8170166015625,316.86529541015625,153.19000244140625,151.8396759033203,399.1000061035156,609.9808959960938,88.12191772460938
2026-03-05,5065.2998046875,81.68699645996094,81.01000213623047,85.41000366210938,25020.41015625,6830.7099609375,47954.73828125,23.75,99.31999969482422,70841.125,409.79241943359375,260.0504150390625,660.0049438476562,99.16999816894531,183.11663818359375,332.0733947753906,152.6699981689453,154.25125122070312,395.3500061035156,608.1431274414062,87.76606750488281
2026-03-06,5146.10009765625,83.81600189208984,90.9000015258789,92.69000244140625,24643.01953125,6740.02001953125,47501.55078125,29.489999771118164,98.98999786376953,68136.4921875,408.0761413574219,257.2229919433594,644.308349609375,99.0199966430664,177.6033935546875,329.7882080078125,157.16000366210938,152.42764282226562,380.55999755859375,598.9946899414062,87.43987274169922
2026-03-09,5091.5,84.03199768066406,94.7699966430664,98.95999908447266,24967.25,6795.990234375,47740.80078125,25.5,99.18000030517578,68402.3828125,408.5251770019531,259.6407775878906,646.836181640625,98.31999969482422,182.427490234375,345.0262451171875,156.42999267578125,151.03250122070312,394.3699951171875,606.99462890625,88.20100402832031
2026-03-10,5229.7001953125,89.08300018310547,83.44999694824219,87.80000305175781,24956.470703125,6781.47998046875,47706.51171875,24.93000030517578,98.83000183105469,69926.921875,404.8830871582031,260.58990478515625,653.510498046875,96.94000244140625,184.54490661621094,341.86285400390625,151.13999938964844,148.88002014160156,397.3299865722656,607.004638671875,87.2619400024414
2026-03-11,5167.39990234375,85.06500244140625,87.25,91.9800033569336,24965.009765625,6775.7998046875,47417.26953125,24.229999542236328,99.2300033569336,70204.8828125,404.0049743652344,260.5699157714844,654.2998046875,94.88999938964844,185.8134307861328,340.85498046875,151.60000610351562,162.55226135253906,401.0299987792969,606.9247436523438,86.13510131835938
2026-03-12,5115.7998046875,84.66999816894531,95.7300033569336,100.45999908447266,24533.580078125,6672.6201171875,46677.8515625,27.290000915527344,99.73999786376953,70493.4609375,400.9914855957031,255.52456665039062,637.6340942382812,94.30999755859375,182.9268035888672,335.2667236328125,153.5,158.60606384277344,388.1300048828125,596.5078735351562,85.96705627441406
2026-03-13,5052.5,80.91400146484375,98.70999908447266,103.13999938964844,24380.73046875,6632.18994140625,46558.46875,27.190000534057617,100.36000061035156,70968.265625,394.69512939453125,249.8897705078125,613.1849975585938,95.30999755859375,180.0401611328125,321.4856262207031,150.9499969482422,154.5701446533203,387.3299865722656,592.9722900390625,85.5420150756836
2026-03-16,4994.0,80.26300048828125,93.5,100.20999908447266,24655.33984375,6699.3798828125,46946.41015625,23.510000228881836,99.70999908447266,74861.0859375,399.08563232421875,252.58729553222656,627.4500122070312,95.19999694824219,183.0067138671875,324.2398681640625,152.72000122070312,155.42715454101562,393.9200134277344,599.6239013671875,86.20428466796875
2026-03-17,5001.0,79.52999877929688,96.20999908447266,103.41999816894531,24780.419921875,6716.08984375,46993.26171875,22.3700008392334,99.58000183105469,73922.4765625,398.5467834472656,253.99598693847656,622.6599731445312,94.36000061035156,181.71820068359375,320.63739013671875,155.0800018310547,154.151611328125,396.8800048828125,602.5502319335938,86.44152069091797
2026-03-18,4889.89990234375,77.23799896240234,96.31999969482422,107.37999725341797,24425.08984375,6624.7001953125,46225.1484375,25.09000015258789,100.08999633789062,71245.578125,390.9432678222656,249.70994567871094,615.6799926757812,94.69999694824219,180.1899871826172,315.2686462402344,152.77000427246094,152.36782836914062,393.6700134277344,594.15087890625,85.95716857910156
2026-03-19,4600.7001953125,70.9020004272461,96.13999938964844,108.6500015258789,24355.279296875,6606.490234375,46021.4296875,24.059999465942383,99.2300033569336,69912.7890625,388.1792297363281,248.73085021972656,606.7000122070312,91.73999786376953,178.3521270751953,319.17047119140625,155.67999267578125,154.97872924804688,394.9200134277344,592.273193359375,86.4810562133789
2026-03-20,4570.39990234375,69.36000061035156,98.31999969482422,112.19000244140625,23898.150390625,6506.47998046875,45577.46875,26.780000686645508,99.6500015258789,70522.5859375,381.0447082519531,247.76173400878906,593.6599731445312,91.81999969482422,172.4989471435547,309.8600158691406,150.67999267578125,149.15904235839844,384.739990234375,581.3269653320312,84.84020233154297
2026-03-23,4404.10009765625,69.04900360107422,88.12999725341797,99.94000244140625,24188.58984375,6581.0,46208.46875,26.149999618530273,98.94999694824219,70914.859375,382.1722717285156,251.25851440429688,604.0599975585938,93.37999725341797,175.43553161621094,322.510009765625,160.83999633789062,153.80282592773438,391.3599853515625,588.0,85.39373779296875
2026-03-24,4399.2998046875,69.27400207519531,92.3499984741211,104.48999786376953,24002.44921875,6556.3701171875,46124.05859375,26.950000762939453,99.43000030517578,70517.859375,371.9344177246094,251.4083709716797,592.9199829101562,90.91999816894531,174.99603271484375,318.2900085449219,154.77999877929688,146.57806396484375,394.5899963378906,583.97998046875,85.01812744140625
2026-03-25,4549.7998046875,72.36100006103516,90.31999969482422,102.22000122070312,24162.98046875,6591.89990234375,46429.48828125,25.329999923706055,99.5999984741211,71309.8828125,370.2381286621094,252.38746643066406,594.8900146484375,92.27999877929688,178.47198486328125,318.80999755859375,154.9600067138672,145.5117950439453,399.0199890136719,587.8200073242188,85.83855438232422
2026-03-26,4375.5,67.6709976196289,94.4800033569336,108.01000213623047,23586.990234375,6477.16015625,45960.109375,27.440000534057617,99.9000015258789,68791.625,365.1790771484375,252.6572265625,547.5399780273438,93.31999969482422,171.04066467285156,309.4200134277344,147.55999755859375,142.31295776367188,380.8399963378906,573.7899780273438,85.11697387695312
2026-03-27,4492.0,69.54499816894531,99.63999938964844,112.56999969482422,23132.76953125,6368.85009765625,45166.640625,31.049999237060547,100.1500015258789,66338.375,355.9989318847656,248.57098388671875,525.719970703125,93.43000030517578,167.32498168945312,300.67999267578125,143.05999755859375,139.17391967773438,374.25,562.5800170898438,84.65238952636719
2026-03-30,4526.0,70.3239974975586,102.87999725341797,112.77999877929688,22953.380859375,6343.72021484375,45216.140625,30.610000610351562,100.51000213623047,66691.4453125,358.1842041015625,246.40298461914062,536.3800048828125,92.97000122070312,164.97772216796875,293.4100036621094,137.5500030517578,138.31692504882812,362.5299987792969,558.280029296875,85.77925109863281
2026-03-31,4647.60009765625,74.69000244140625,101.37999725341797,118.3499984741211,23740.189453125,6528.52001953125,46341.51171875,25.25,99.95999908447266,68233.3125,369.3699951171875,253.55638122558594,572.1300048828125,96.1500015258789,174.1969757080078,309.510009765625,146.27999877929688,146.59799194335938,383.3999938964844,577.1799926757812,85.6902847290039
2026-04-01,4783.2001953125,75.86699676513672,100.12000274658203,101.16000366210938,24019.990234375,6575.31982421875,46565.73828125,24.540000915527344,99.6500015258789,68078.5546875,368.57171630859375,255.3946990966797,579.22998046875,95.55000305175781,175.54541015625,313.489990234375,146.49000549316406,144.7245330810547,391.9700012207031,584.3099975585938,85.6059341430664
2026-04-02,4651.5,72.73500061035156,111.54000091552734,109.02999877929688,24045.529296875,6582.68994140625,46504.671875,23.8700008392334,100.02999877929688,66888.5703125,372.6528625488281,255.68443298339844,574.4600219726562,98.66000366210938,177.18348693847656,314.54998779296875,148.4600067138672,145.87054443359375,392.32000732421875,584.97998046875,86.13191223144531
2026-04-06,4656.7998046875,72.66100311279297,112.41000366210938,109.7699966430664,24192.169921875,6611.830078125,46669.87890625,24.170000076293945,99.9800033569336,68859.828125,372.0741271972656,258.6217041015625,573.02001953125,98.93000030517578,177.43319702148438,314.42999267578125,147.92999267578125,145.033447265625,395.9800109863281,588.5,85.99297332763672
2026-04-07,4657.10009765625,71.82599639892578,112.94999694824219,109.2699966430664,24202.369140625,6616.85009765625,46584.4609375,25.780000686645508,99.63999938964844,71940.703125,371.48541259765625,253.26666259765625,575.0499877929688,98.81999969482422,177.89266967773438,333.9700012207031,150.07000732421875,142.6717071533203,399.8999938964844,588.5900268554688,85.98304748535156
2026-04-08,4749.5,75.2239990234375,94.41000366210938,94.75,24903.169921875,6782.81005859375,47909.921875,21.040000915527344,99.12999725341797,71123.359375,373.52099609375,258.66168212890625,612.4199829101562,99.38999938964844,181.8680419921875,350.6300048828125,140.75999450683594,143.16000366210938,422.9200134277344,606.0900268554688,86.26092529296875
2026-04-09,4792.2001953125,76.2770004272461,97.87000274658203,95.91999816894531,25082.08984375,6824.66015625,48185.80078125,19.489999771118164,98.81999969482422,71767.828125,372.26373291015625,260.2502136230469,628.3900146484375,102.05000305175781,183.69590759277344,354.9100036621094,130.49000549316406,137.86000061035156,430.30999755859375,610.1900024414062,86.04258728027344
2026-04-10,4761.89990234375,76.3239974975586,96.56999969482422,95.19999694824219,25116.33984375,6816.89013671875,47916.5703125,19.229999542236328,98.6500015258789,72979.046875,370.0684814453125,260.240234375,629.8599853515625,103.01000213623047,188.41041564941406,371.54998779296875,128.05999755859375,138.08999633789062,436.8800048828125,611.0700073242188,85.83418273925781
2026-04-13,4742.39990234375,75.52300262451172,99.08000183105469,99.36000061035156,25383.720703125,6886.240234375,48218.25,19.1200008392334,98.37000274658203,74484.640625,383.539306640625,258.96142578125,634.530029296875,103.16000366210938,189.08961486816406,379.75,132.3699951171875,155.6199951171875,443.3399963378906,617.3900146484375,86.09220886230469
2026-04-14,4825.0,79.39099884033203,91.27999877929688,94.79000091552734,25842.0,6967.3798828125,48535.98828125,18.360000610351562,98.12000274658203,74181.609375,392.2604064941406,258.59173583984375,662.489990234375,106.27999877929688,196.28123474121094,380.7799987792969,135.6999969482422,163.0,452.0,628.5999755859375,86.54872131347656
2026-04-15,4800.0,79.49099731445312,91.29000091552734,94.93000030517578,26204.580078125,7022.9501953125,48463.71875,18.170000076293945,98.05999755859375,74805.078125,410.3312683105469,266.18475341796875,671.5800170898438,107.70999908447266,198.63848876953125,396.7200012207031,142.14999389648438,169.80999755859375,453.0,637.4000244140625,86.1716079711914
2026-04-16,4785.39990234375,78.60600280761719,94.69000244140625,99.38999938964844,26333.0,7041.27978515625,48578.71875,17.940000534057617,98.22000122070312,75152.1328125,419.35174560546875,263.15753173828125,676.8699951171875,107.79000091552734,198.1190948486328,398.4700012207031,142.75999450683594,178.33999633789062,454.79998779296875,640.469970703125,85.62577819824219
2026-04-17,4857.60009765625,81.73799896240234,83.8499984741211,90.37999725341797,26672.4296875,7126.06005859375,49447.4296875,17.479999542236328,98.0999984741211,77126.875,421.87628173828125,269.98126220703125,688.5499877929688,97.30999755859375,201.44520568847656,406.5400085449219,146.38999938964844,175.05999755859375,464.1600036621094,648.8499755859375,86.4097900390625
2026-04-20,4806.60009765625,79.95099639892578,89.61000061035156,95.4800033569336,26590.33984375,7109.14013671875,49442.55859375,18.8700008392334,98.05000305175781,75872.5234375,417.1664733886719,272.79864501953125,670.9099731445312,94.83000183105469,201.82476806640625,399.6300048828125,145.88999938964844,177.5800018310547,463.9599914550781,646.7899780273438,86.38993835449219
2026-04-21,4698.39990234375,76.41100311279297,92.12999725341797,98.4800033569336,26479.470703125,7064.009765625,49149.37890625,19.5,98.41000366210938,76352.7734375,423.2433166503906,265.9250183105469,668.8400268554688,92.58000183105469,199.64732360839844,402.1700134277344,145.97000122070312,181.1699981689453,464.6600036621094,644.3300170898438,85.91358184814453
2026-04-22,4732.5,77.89299774169922,92.95999908447266,101.91000366210938,26937.279296875,7137.89990234375,49490.03125,18.920000076293945,98.58999633789062,78203.1015625,431.984375,272.9185791015625,674.719970703125,93.23999786376953,202.26426696777344,422.6499938964844,152.6199951171875,187.5,476.8299865722656,655.1099853515625,86.08228302001953
2026-04-23,4705.10009765625,75.46499633789062,95.8499984741211,105.06999969482422,26782.630859375,7108.39990234375,49310.3203125,19.309999465942383,98.80000305175781,78268.953125,414.8514709472656,273.1783142089844,659.1500244140625,92.81999969482422,199.4075927734375,419.94000244140625,141.57000732421875,176.27999877929688,481.8500061035156,651.4199829101562,85.89373016357422
2026-04-24,4722.2998046875,76.38300323486328,94.4000015258789,105.33000183105469,27303.669921875,7165.080078125,49230.7109375,18.709999084472656,98.51000213623047,77455.3125,423.7023010253906,270.81048583984375,675.030029296875,92.44000244140625,208.0275421142578,422.760009765625,143.08999633789062,173.27999877929688,506.44000244140625,663.8800048828125,86.05252075195312
2026-04-27,4675.39990234375,75.00299835205078,96.37000274658203,108.2300033569336,27305.6796875,7173.91015625,49167.7890625,18.020000457763672,98.4800033569336,77366.625,423.9018859863281,267.3636474609375,678.6199951171875,91.37000274658203,216.3578338623047,418.20001220703125,143.10000610351562,172.9600067138672,506.260009765625,664.22998046875,85.62577819824219
2026-04-28,4591.5,73.20500183105469,99.93000030517578,111.26000213623047,27029.009765625,7138.7998046875,49141.9296875,17.829999923706055,98.62000274658203,76350.671875,428.3222961425781,270.4608154296875,671.3400268554688,92.2699966430664,212.92184448242188,399.8299865722656,141.17999267578125,165.9600067138672,491.2099914550781,657.5499877929688,85.71509552001953
2026-04-29,4545.2001953125,71.56900024414062,106.87999725341797,118.02999877929688,27186.98046875,7135.9501953125,48861.80859375,18.809999465942383,98.91999816894531,75776.1328125,423.5426330566406,269.92132568359375,669.1199951171875,92.12000274658203,209.00640869140625,405.45001220703125,137.97000122070312,163.8300018310547,499.5799865722656,661.5700073242188,85.0501708984375
2026-04-30,4614.7001953125,73.53399658203125,105.06999969482422,114.01000213623047,27452.119140625,7209.009765625,49652.140625,16.889999389648438,98.08000183105469,76304.3203125,406.8987121582031,271.1002502441406,611.9099731445312,93.61000061035156,199.33767700195312,417.42999267578125,139.11000061035156,161.38999938964844,506.7200012207031,667.739990234375,84.97077941894531
2026-05-01,4629.89990234375,75.95099639892578,101.94000244140625,108.16999816894531,27710.359375,7230.1201171875,49499.26953125,16.989999771118164,98.20999908447266,78179.0,413.5443115234375,279.88214111328125,608.75,92.05999755859375,198.21897888183594,421.2799987792969,144.07000732421875,171.8300018310547,509.82000732421875,674.1500244140625,85.27458953857422
2026-05-04,4519.5,73.0719985961914,106.41999816894531,114.44000244140625,27651.8203125,7200.75,48941.8984375,18.290000915527344,98.47000122070312,79827.90625,412.72607421875,276.5751647949219,610.4099731445312,91.0199966430664,198.24893188476562,416.5,146.02999877929688,180.2899932861328,506.7900085449219,672.8800048828125,84.62712860107422
2026-05-05,4555.7998046875,73.10800170898438,102.2699966430664,109.87000274658203,28015.060546875,7259.22021484375,49298.25,17.3799991607666,98.4800033569336,80927.0546875,410.4909362792969,283.9184265136719,604.9600219726562,87.88999938964844,196.271240234375,427.3599853515625,135.91000366210938,185.35000610351562,522.6900024414062,681.6099853515625,85.09529113769531
2026-05-06,4681.89990234375,76.81099700927734,95.08000183105469,101.2699966430664,28599.169921875,7365.1201171875,49910.58984375,17.389999389648438,98.0199966430664,81427.53125,413.0653381347656,287.245361328125,612.8800048828125,88.2699966430664,207.5880584716797,425.44000244140625,133.7899932861328,194.02999877929688,549.760009765625,695.77001953125,85.74274444580078
2026-05-07,4699.7998046875,79.70099639892578,94.80999755859375,100.05999755859375,28563.94921875,7337.10986328125,49596.96875,17.079999923706055,98.25,80009.9921875,419.8606262207031,287.1754150390625,616.8099975585938,88.25,211.2537841796875,412.55999755859375,137.0500030517578,194.58999633789062,540.0999755859375,694.9400024414062,85.3144302368164
2026-05-08,4720.39990234375,80.3949966430664,95.41999816894531,101.29000091552734,29234.990234375,7398.93017578125,49609.16015625,17.190000534057617,97.83999633789062,80186.765625,414.22283935546875,293.0500183105469,609.6300048828125,87.48999786376953,214.94947814941406,430.0,137.8000030517578,195.9499969482422,566.5399780273438,711.22998046875,85.74274444580078
2026-05-11,4718.7001953125,85.48500061035156,98.06999969482422,104.20999908447266,29320.66015625,7412.83984375,49704.46875,18.3799991607666,97.94000244140625,81728.296875,411.7681579589844,292.67999267578125,598.8599853515625,85.44999694824219,219.18453979492188,428.42999267578125,136.88999938964844,193.83999633789062,576.3099975585938,713.2899780273438,85.22477722167969
2026-05-12,4677.60009765625,85.12999725341797,102.18000030517578,107.7699966430664,29064.80078125,7400.9599609375,49760.55859375,17.989999771118164,98.29000091552734,80477.4921875,406.8887023925781,294.79998779296875,603.0,87.66000366210938,220.52297973632812,419.29998779296875,136.0,186.8300018310547,561.25,707.239990234375,84.65701293945312
2026-05-13,4697.7001953125,88.88800048828125,101.0199966430664,105.62999725341797,29366.939453125,7444.25,49693.19921875,17.8700008392334,98.4800033569336,79277.1171875,404.3342590332031,298.8699951171875,616.6300048828125,87.55999755859375,225.56710815429688,416.7900085449219,130.0500030517578,189.75999450683594,572.4600219726562,714.7100219726562,84.46776580810547
2026-05-14,4678.10009765625,84.91200256347656,101.16999816894531,105.72000122070312,29580.30078125,7501.240234375,50063.4609375,17.260000228881836,98.87999725341797,81051.25,408.5451354980469,298.2099914550781,618.4299926757812,86.94000244140625,235.465576171875,439.7900085449219,133.72999572753906,195.61000061035156,578.3400268554688,719.7899780273438,84.58728790283203
2026-05-15,4555.7998046875,77.16100311279297,105.41999816894531,109.26000213623047,29125.19921875,7408.5,49526.171875,18.43000030517578,99.2699966430664,79065.6796875,421.0081481933594,300.2300109863281,614.22998046875,87.0199966430664,225.05770874023438,425.19000244140625,133.99000549316406,192.9499969482422,556.3400268554688,708.9299926757812,83.33222961425781
2026-05-18,4552.5,77.072998046875,108.66000366210938,112.0999984741211,28994.369140625,7403.0498046875,49686.12109375,17.81999969482422,98.97000122070312,76954.171875,422.6246643066406,297.8399963378906,611.2100219726562,89.6500015258789,222.0612030029297,420.7099914550781,135.13999938964844,186.61000061035156,546.1599731445312,705.8800048828125,83.23261260986328
2026-05-19,4506.2998046875,74.8280029296875,107.7699966430664,111.27999877929688,28818.83984375,7353.60986328125,49363.87890625,18.059999465942383,99.30000305175781,76750.90625,416.51788330078125,298.9700012207031,602.6099853515625,89.33000183105469,220.35317993164062,411.07000732421875,135.25999450683594,181.4600067138672,543.9600219726562,701.530029296875,82.69473266601562
2026-05-20,4531.2998046875,75.85099792480469,98.26000213623047,105.0199966430664,29297.69921875,7432.97021484375,50009.3515625,17.440000534057617,99.11000061035156,77457.7734375,420.1499938964844,302.25,605.0599975585938,88.08999633789062,223.20985412597656,417.760009765625,137.14999389648438,188.16000366210938,564.6599731445312,713.1500244140625,83.58125305175781
2026-05-21,4539.7998046875,76.41400146484375,96.3499984741211,102.58000183105469,29357.26953125,7445.72021484375,50285.66015625,16.760000228881836,99.19000244140625,77539.171875,419.0899963378906,304.989990234375,607.3800048828125,89.30000305175781,219.25445556640625,414.57000732421875,137.4149932861328,189.77000427246094,567.8800048828125,714.510009765625,83.89002990722656
2026-05-22,4521.0,75.89299774169922,96.5999984741211,103.54000091552734,29481.640625,7473.47021484375,50579.69921875,16.700000762939453,99.31999969482422,75488.2421875,418.57000732421875,308.82000732421875,610.260009765625,88.5999984741211,215.07933044433594,414.1400146484375,136.8800048828125,192.0800018310547,576.3200073242188,717.5399780273438,84.34822845458984
2026-05-26,4500.39990234375,76.30500030517578,93.88999938964844,99.58000183105469,30001.3203125,7519.1201171875,50461.6796875,17.010000228881836,99.16999816894531,75825.734375,416.0299987792969,308.3299865722656,612.3400268554688,87.68000030517578,214.60987854003906,422.010009765625,136.60000610351562,193.05999755859375,602.1400146484375,730.280029296875,84.7665786743164
2026-05-27,4447.5,74.5989990234375,88.68000030517578,94.29000091552734,29973.5703125,7520.35986328125,50644.28125,16.290000915527344,99.20999908447266,74344.703125,412.6700134277344,310.8500061035156,635.260009765625,87.3499984741211,212.35250854492188,421.8599853515625,132.50999450683594,190.9600067138672,595.5,729.4500122070312,84.96580505371094
2026-05-28,4499.2998046875,75.6449966430664,88.9000015258789,93.70999908447266,30223.890625,7563.6298828125,50668.96875,15.739999771118164,99.0199966430664,73536.5546875,426.989990234375,312.510009765625,635.2899780273438,86.36000061035156,214.00057983398438,426.5799865722656,143.33999633789062,203.6999969482422,599.8300170898438,735.5999755859375,85.4040756225586
2026-05-29,4560.5,75.61599731445312,87.36000061035156,92.05000305175781,30333.1796875,7580.06005859375,51032.4609375,15.319999694824219,98.91000366210938,73372.5234375,450.239990234375,312.05999755859375,632.510009765625,86.0199966430664,210.8942108154297,446.7699890136719,156.5399932861328,225.77999877929688,598.9299926757812,738.3099975585938,85.42400360107422
2026-06-01,4475.2001953125,75.00700378417969,92.16000366210938,94.9800033569336,30513.859375,7599.9599609375,51078.87890625,16.049999237060547,99.19999694824219,71319.7734375,460.5199890136719,306.30999755859375,600.469970703125,85.8499984741211,224.09881591796875,459.9700012207031,160.64999389648438,248.14999389648438,607.8099975585938,742.739990234375,85.47000122070312
2026-06-02,4489.10009765625,75.31099700927734,93.76000213623047,96.0,30660.599609375,7609.77978515625,51307.7890625,15.770000457763672,99.22000122070312,66703.65625,441.30999755859375,315.20001220703125,597.6300048828125,83.33000183105469,222.56060791015625,481.57000732421875,152.1699981689453,244.5800018310547,632.2100219726562,746.1599731445312,85.6500015258789
2026-06-03,4436.7001953125,73.47599792480469,96.0199966430664,97.80999755859375,30571.240234375,7553.68017578125,50687.0703125,16.059999465942383,99.52999877929688,64014.3671875,427.3399963378906,310.260009765625,622.97998046875,81.5199966430664,214.5,479.2300109863281,142.1999969482422,230.3300018310547,637.9000244140625,744.2100219726562,85.30999755859375
2026-06-04,4475.7998046875,73.77899932861328,93.04000091552734,95.02999877929688,30407.810546875,7584.31005859375,51561.9296875,15.399999618530273,99.41000366210938,63801.57421875,428.04998779296875,311.2300109863281,627.5700073242188,81.55999755859375,218.66000366210938,418.9100036621094,141.6999969482422,236.33999633789062,627.530029296875,740.6099853515625,85.5
2026-06-05,4353.89990234375,67.99500274658203,90.25,92.87000274658203,28957.599609375,7383.740234375,50866.78125,21.510000228881836,100.07099914550781,61798.98046875,416.6700134277344,307.3399963378906,593.0,82.18000030517578,205.10000610351562,385.7300109863281,135.52999877929688,213.67999267578125,569.6900024414062,705.0599975585938,85.05999755859375
