Date,XAU,XAG,WTI,BRENT,NDX,SPX,DJI,VIX,DXY,BTC,MSFT,AAPL,META,NFLX,NVDA,AVGO,PLTR,ORCL,SMH,QQQ,TLT
2025-05-02,0.006799232227835648,-0.00623264996067137,-0.016166449969052803,-0.01361226883195014,0.015839078695072232,0.014619191109112719,0.013755939180510336,-0.08126296612994292,-0.0024968801985871545,0.004319853436324106,0.022959613092205088,-0.03807750054973233,0.04244446856841013,0.020105848820724383,0.02556410556953669,0.03147624057715503,0.0672242565478113,0.035382543362639324,0.031208326884605547,0.014734750816403313,-0.010883486381499894
2025-05-05,0.024270706904035648,0.006729673133900332,-0.020101176331286184,-0.0174461529799008,-0.006721666303771956,-0.006402047029318447,-0.0023892919795650024,0.04145667440402957,-0.0017014282980299447,-0.022562125541381643,0.0020426156845589198,-0.03196390239753881,0.003761700624008027,-0.019585475465838113,-0.005956554647468456,-0.01444282364919446,-0.0041120972730678005,-0.009599288291686641,-0.00650427549935891,-0.005950109466225922,-0.0056009782906686015
2025-05-06,0.029781859324395553,0.02780414633180272,0.03373231650728526,0.03138028305290159,-0.008883006165621496,-0.007722985278391797,-0.00950253205476923,0.046289290341108305,-0.005927620392362942,0.021451265529472022,-0.006578705731860101,-0.0019124477436542242,-0.020159539598213108,0.003195767832350697,-0.0024630689234693484,-0.0031437263040336324,-0.128362318816767,-0.010707515264674325,-0.009326008785523284,-0.00934528942409339,0.0033186487436794487
2025-05-07,-0.008832939557882192,-0.017732496729755336,-0.017412533811229817,-0.016711715125713435,0.0038639688465295008,0.004336938106710132,0.006955322785161533,-0.05010366899456484,0.0037214299867884006,0.002371543824223951,9.2311911345899e-05,-0.01145020629941225,0.01604602385588115,0.015455396325036062,0.030531441847895788,0.023315553343244,0.014771880873214285,0.011243158848070992,0.02034000205638064,0.0039182054581924294,0.004218286222799229
2025-05-08,-0.025398132101867026,-0.004714297535000773,0.031194259420231813,0.0277526884330597,0.009796338974547576,0.005783021147465641,0.006170558101434908,-0.04649978340350906,0.01028721960294191,0.062026403533745514,0.011061313816464366,0.006298631440689827,0.002008809364644823,-0.009548559114653046,0.002644749615268537,0.014349021777590025,0.07554867686509499,0.006207046401667068,0.008733670894716895,0.010271934540520024,-0.011211655528071284
2025-05-09,0.011700918988177024,0.00916169439787564,0.01835825324150491,0.016884025459029856,-0.00010523751342518038,-0.0007117341348763632,-0.0028824382737501265,-0.026139385258591493,-0.002985404328326501,-0.002624571996284568,0.0012771347138463363,0.0052522561730470926,-0.009273541398212064,-0.0036854493146534556,-0.006153288970022832,0.002067384825403132,-0.015648434675000277,0.00026585286251622805,0.006511725920891597,-0.0006554846278739496,0.0014946336772186178
2025-05-12,-0.03521122337030222,-0.00885282442013804,0.015125933600171835,0.016295840485066205,0.03942406776294456,0.03203997667702081,0.027750522411653933,-0.1746796139768351,0.014347493899422074,-0.00153460539547827,0.023717629106184555,0.06123260765537327,0.0762430495898753,-0.026861238754808288,0.05300632642014118,0.06228454863374363,0.00984056144412108,0.04474681531463238,0.06082476657780071,0.039932147435639866,-0.009348773469234175
2025-05-13,0.006284573623097743,0.01471154209757003,0.027385844879859716,0.025383203593329427,0.015668556478855084,0.007222059020245977,-0.006378973270874087,-0.009287151281460961,-0.007791359617264837,0.013111031807523908,-0.00026715174007160077,0.010101107307854204,0.02562940970788954,0.025298904434168913,0.05481143911457786,0.04776235611043924,0.0782359134289383,0.03161548542501075,0.03375267503156947,0.01512583199903898,-0.00406666207756372
2025-05-14,-0.018344612393290653,-0.01972590686783971,-0.008200592311148426,-0.008137491281628058,0.005715939805542855,0.001023891242276054,-0.002123044244570183,0.02171646277508113,0.00039597026201491843,-0.006070027639406428,0.00842500194507171,-0.002821717127117096,0.005063144525467334,0.010963513361741804,0.04079444678674886,-0.0012915489327197903,0.016106795332817645,0.004181714255281329,0.009847138143468617,0.005975165092443742,-0.006658501030440777
2025-05-15,0.012277391287757004,0.007881637862074197,-0.024526397124652956,-0.023887181040497734,0.0007787768688814574,0.004123817438757677,0.006440205789909391,-0.04335388932444697,-0.001584822672840023,0.0019801487371228356,0.002253580700858679,-0.0041531193839410676,-0.02375724445850967,0.023178644502780166,-0.0037756781814252986,0.002237727157680573,-0.015950765252283748,-0.022026563779333253,-0.0034739006675569535,0.0010982345387033627,0.0087519980063549
2025-05-16,-0.012088782158285714,-0.00999398925079634,0.014020094966139728,0.013544994929198518,0.00430828737312735,0.006980849368100189,0.007813598095625712,-0.03365017563674573,0.0020795085093034274,-0.002464381118651062,0.0025127084262960855,-0.0008990603888560591,-0.005513090034522677,0.011437116938894962,0.004218720774885204,-0.017474677147149516,0.010868055726547794,0.006814901274167948,-0.002877102778079028,0.004343167045134865,0.0026688988508112898
2025-05-19,0.014631561796196542,0.004808334795945183,0.003195352579058796,0.001985449279539095,0.0008914907868790912,0.0008757295660482738,0.003214447719247315,0.05088715908092825,-0.006550202495798609,0.020248769296537666,0.01007511959504312,-0.011808460823504164,0.00014054293767634446,9.232733594230135e-05,0.0012549174991100046,0.008797152174271674,-0.02493779702009602,-0.005310329815586366,-0.0016652482617857149,0.0009582317737936145,-0.0029013139903263005
2025-05-20,0.015793404801633753,0.02043168571460036,-0.0020758051911769233,-0.002444297953104836,-0.003722191391009727,-0.0038877770695725784,-0.002687095572307342,-0.0027601031981324977,-0.0030914764474651068,0.011157568710076757,-0.0015265280603036716,-0.00923883715308381,-0.0052131927993854695,0.0003188543139033674,-0.008816651237104279,0.004542299911260446,-0.005874941465373389,0.004188068140906485,-0.001912357800201005,-0.003338856863202988,-0.007231137057849347
2025-05-21,0.008801804902702907,0.014539084973958429,-0.015951384222085634,-0.007214607822912097,-0.01352318013666002,-0.016266719267758897,-0.019324454993554785,0.14295345345940377,-0.005609041019042132,0.026675054496876065,-0.0122979351792695,-0.023329135189360545,-0.0025144544750188968,0.002187116339275364,-0.019385839931706075,-0.008452332882574813,-0.040709155624139154,-0.019717787202103907,-0.016714554014165797,-0.013994008950291419,-0.017237640091776172
2025-05-22,-0.005150277910234424,-0.012509570825573826,-0.006027531981941245,-0.007267155268361538,0.0015221227997897016,-0.0004449700224211693,-3.228786592417326e-05,-0.028677548720296264,0.0040096438303826925,0.01802796394236439,0.0050472934385578806,-0.0036186981790262067,0.001682166981022096,-0.005590549115891708,0.007784306348343088,0.003476272352738739,0.014081832441152688,0.0008269263028337252,-0.002737027021701098,0.0018694655923790979,0.005226145109876042
2025-05-23,0.021425434503964738,0.011881817792984332,0.005377638928633734,0.005262298704079938,-0.009365726311480261,-0.006730899591473139,-0.0061350037856975695,0.0945029758899914,-0.008539746230872808,-0.04006256233899459,-0.01034217475294644,-0.030711201244835125,-0.015052134028289995,-0.0021740967125370558,-0.011661591942435625,-0.007882474271900974,0.008306209395702265,-0.008554904205936555,-0.014093265737235561,-0.009303947171663945,0.0016573336858993711
2025-05-27,-0.019362124406121534,-0.008890592253535959,-0.010455893316601546,-0.010708606523327707,0.023592986883194247,0.02025258080218437,0.017644461854551513,-0.16180673993166564,0.00412824468268098,0.01578379830408661,0.02307775320114312,0.024983634850397583,0.02404436707887019,0.02184517335156901,0.03156309079967979,0.029849226567700837,0.0006485758804113176,0.03737704332266183,0.031220774281368983,0.02325270366875943,0.013859757994953273
2025-05-28,-0.0016685124798728683,-0.004414481472766957,0.015481459149985511,0.012559358845247061,-0.0045313979971587,-0.005586802576444734,-0.005801589193076876,0.018291620243806275,0.0036108426531303267,-0.010999457493792041,-0.007254420503166385,0.0010483354048508517,0.001959752205380318,-0.002495698388374052,-0.005105311225145272,0.015913315606444874,0.002994157561965548,0.011910850326507638,-0.010711506406632368,-0.004441674394465516,-0.004325290549549736
2025-05-29,0.007109715550713264,0.00853922307881762,-0.014660655724199617,-0.011623532373520932,0.002145128468383331,0.0040031708706317415,0.0027760687130959716,-0.006754983416935554,-0.006025309311960788,-0.020245528009254558,0.002881971698233032,-0.0023478901995321877,0.002281344157790883,-0.019796697022899924,0.03197364357937338,0.010552747791083013,-0.01170366439997412,-0.005814975741585195,0.007071799771785253,0.0019638264216592666,0.009212459757664132
2025-05-30,-0.008537804000789136,-0.01181736939409807,-0.002464434201305977,-0.0039047295850964114,-0.0010752379879698957,-8.118845699520562e-05,0.0012863664838516156,-0.032320726435630054,0.0005035300605269822,-0.015676574887611795,0.003655858637175848,0.004491076894813233,0.0037756464315949517,0.018703850855478602,-0.029602538151327566,0.0004131936914834306,0.07449329709657414,0.016016062910168303,-0.017899349829928732,-0.0015784791834056236,0.0015079823421056146
2025-06-02,0.02453766635895122,0.04955432262623009,0.02806119605402807,0.01135927151513094,0.007039493031162731,0.004093651490626028,0.0008373615777128981,-0.011372940494915069,-0.006362743141416125,0.017943687329571502,0.0034912670828017084,0.004222971920528316,0.03551678415683351,0.009685989485742773,0.01651345799010261,0.027060649592728137,0.0019709999152847445,0.00626306238582285,0.014698591563498668,0.007867245657825187,-0.00935053701021444
2025-06-03,-0.006070768059979941,-0.0017375087613678431,0.01413506243041926,0.015354209858351436,0.007917211095573026,0.005783533535368979,0.005049461964247352,-0.03717488007439647,0.005557004047396422,-0.004250198055930138,0.002162347234157341,0.007753855637832894,-0.006054976841397683,-0.0008535685372644202,0.027568143033128163,0.032204673429835004,0.008521637626530814,0.015311179395573322,0.02231388087561603,0.007786527543477289,-0.0017627373461816525
2025-06-04,0.006930750112583484,0.0004636972404338521,-0.008870664547419721,-0.011801756346676295,0.002735533693095445,7.368474471916267e-05,-0.0021637484473106088,-0.004532581194009188,-0.004645525243508145,-0.006666084188030525,0.0019419835384439316,-0.0022162836174873693,0.03115109476179172,0.017676279575685065,0.004944560488316775,0.016334488460415963,-0.024015165442081442,-0.0061677872016080056,0.011827375256858027,0.002784086774585587,0.016102806748494396
2025-06-05,-0.006781516425104247,0.03333256871244048,0.00823963572205525,0.0073732398364828805,-0.00806534795782037,-0.005291357978698112,-0.0025487498352939754,0.04822208427528902,-0.0005062831279795834,-0.030597731847037197,0.008179976484342917,-0.010856493087603674,-0.004852306631376779,0.008722304386243758,-0.013692475659628582,-0.004414471779871677,-0.0808698363903935,0.017922944536411155,-0.001789104105882551,-0.007555464490139544,0.0006944426453981448
2025-06-06,-0.008391573926159246,0.009370689272759428,0.01891424720320025,0.017146386292265985,0.009899099159286108,0.010228196215376713,0.010416625033753492,-0.09709743831107769,0.004547116175521301,0.02733035306445883,0.005756609379951794,0.016265311589657865,0.018939642985083167,-0.0072632935068567455,0.01228232950795926,-0.05130744763794943,0.0630988854724069,0.016688313240554472,0.0056742942620397014,0.009727748647685167,-0.01280593846966908
2025-06-09,0.0028250744326858415,0.018236534387529986,0.010934105537609646,0.008538733412048536,0.0016565826209132151,0.0009195251863913659,-2.59428181935269e-05,0.022989482036049294,-0.002523596896147004,0.05501327016022896,0.00502584442172111,-0.012186604353181927,-0.005245077284008725,-0.013796263418287496,0.00640055182861995,-0.010789753743063818,0.03341596887509475,0.01782649966076829,0.016598624154979702,0.0014709584969651755,0.0010541204526692467
2025-06-10,-0.003366964044300687,-0.003987439650574705,-0.004759317319035391,-0.002538992690918894,0.006586739677644981,0.005468012541646841,0.0024550065635600875,-0.01231320633011249,0.001111173479648963,-0.00033431842692466013,-0.003878462387048046,0.006037982155127377,0.01194457750504641,-0.017166245108416866,0.009281628766522401,0.001431741449345111,0.005663170750133733,0.0018611773306690294,0.019691322400060107,0.0065922659640483645,0.005136407409614729
2025-06-11,0.000120486130438958,-0.01034281789002882,0.04763159863056644,0.04245359269751738,-0.0037038445127919057,-0.002747660318287345,-2.569762209654539e-05,0.018123820078471166,-0.004249356836262151,-0.01434738860972619,0.0036033781720918234,-0.01938038025184682,-0.011829377113131825,0.013418806350824633,-0.007810937621434968,0.033286849723894424,0.026598907434277175,-0.006217122628255737,-0.0007253059336798788,-0.003375364972740192,0.0030227950269596147
2025-06-12,0.01778563010253441,0.0012987438501763653,-0.0016153995491640903,-0.0058937285648106765,0.0023995710313808503,0.0038151330716763875,0.002373239821075653,0.04309057866717449,-0.007224647054053646,-0.02569916684533185,0.013137472257592417,0.002110632335517544,-0.0011244325905046975,-0.003983730463288795,0.01507863366673007,0.012417134632782871,-0.008837210028349383,0.12497634041407912,0.004837796745350782,0.002345138257606962,0.011886514725517546
2025-06-13,0.014768122634469274,0.0018759345376784683,0.0700896960229113,0.06785808508081347,-0.012965408533882764,-0.01136066859010289,-0.01807900644296107,0.14443177094572332,0.00265173167371636,0.0015273471943905203,-0.00819859810254404,-0.01390141153604722,-0.01524478402220488,-0.0023731421289326614,-0.021117978137043802,-0.029203540787140707,0.016215120931348755,0.07404364651893894,-0.02368706921593283,-0.01263428644775486,-0.009682989805093594
2025-06-16,-0.010194021599707037,0.0026975900657251724,-0.016718962337808015,-0.013563207438924146,0.014071429512084989,0.0093488231481891,0.007491240274690103,-0.08570225833796581,-0.0018350530676638712,0.0066306466770740015,0.008762314654749758,0.00997806923497654,0.028568981659577636,0.010830935206337884,0.01897766751199451,0.013578515671839281,0.028767162850051087,-0.019328858314285612,0.024560799548631482,0.013814094367364577,-0.010128867741998575
2025-06-17,-0.0028895213050230267,0.01935566607328679,0.04188593780488692,0.04303167354278252,-0.010009565857847085,-0.008387259723643134,-0.0070644910022875035,0.12248154215971613,0.008332531658833468,-0.020773336361813687,-0.0022984082372658823,-0.014109748545778743,-0.006988983922701336,-0.003826648031077676,-0.0039472546521019305,-0.010888079914486593,-0.022961608965402724,-0.013928920408065053,-0.006819489673183986,-0.009799061921586989,0.012096000405567414
2025-06-18,0.0009444399210661637,-0.006057647913005043,0.0040005795495912455,0.0032647761282511133,2.805673395521156e-05,-0.00030928803472058796,-0.0010461418920605255,-0.06998547536577886,0.0009103724470059521,0.0026943395038619066,0.004591545905710506,0.004793205338059429,-0.0020961438519335237,0.0013262186806519752,0.009392396706195575,0.007550491639299525,0.012654826218000525,0.012838762799221741,0.0038154463869798892,-0.00017029997471593083,0.0017326763009116708
2025-06-20,-0.0064221208610746846,-0.024437649882346094,-0.0027986835739336347,0.004033642705836338,-0.0043048401165020934,-0.002181035215587759,0.0008333915967598814,0.02355366230380821,-0.002024133621534633,-0.01511825151021015,-0.005931221319992508,0.022235474358199368,-0.01947659151669255,0.007433726873013619,-0.01126757310977725,-0.00271633355974283,-0.0191883804685285,-0.02740288232599956,-0.008874333486019926,-0.004091384123763854,-0.001848055058095106
2025-06-23,0.0028461738938607515,0.004907831516734243,-0.08957459725292966,-0.07451757403632567,0.010576228568810443,0.009560655071259439,0.008844664847875269,-0.0390655806044794,-0.0029422323215426674,0.021717550170563333,0.01785380146364034,0.0024843579641847862,0.02343558204167419,0.017811674173543252,0.0022221085511937373,0.01500746435236495,0.018902482623049145,0.009072959969538046,0.006319620161170042,0.010229912194552533,0.003232019391791448
2025-06-24,-0.018013675886811464,-0.012581223755432625,-0.06233202246291182,-0.06263775479332342,0.015174563847745959,0.011060328616958607,0.011841705784076699,-0.12613859464476848,-0.005706124735369356,0.004421629398587352,0.008421278348366985,-0.005973029135193325,0.019380598471856157,0.020193028869081687,0.025543093068303727,0.03864906341413846,0.023380882338494877,0.03898114215061959,0.036070305535646704,0.015176253311772034,0.007234303640891609
2025-06-25,0.0029197688926843124,0.01069853557138597,0.008507985708414682,0.008010737345906661,0.0021257065280149024,-3.286108349665331e-06,-0.0024767771242714494,-0.04206223532916502,-0.0018410591712752086,0.012329889288552448,0.004397490266693785,0.00627085632161283,-0.00495481086313949,-0.003022298139064477,0.04242729945917625,0.0033307567203595834,-0.0023066577383764712,-0.021362756642077523,0.013388663593183393,0.002553190030548303,0.0012577888849557486
2025-06-26,0.0019217200310753606,0.013788372377911267,0.004917030567025608,0.0007385429832113716,0.009378996389183806,0.007988131032516797,0.009364745445985038,-0.010194995310435646,-0.00544064139681836,-0.00374445620028651,0.010467752973181617,-0.0027821851506041706,0.02426996748470159,0.02433972335194451,0.004590607345405823,0.02064320602991519,0.009402863164183905,0.009916461067437054,0.007241193199193457,0.009306803438873728,0.005015303952259898
2025-06-27,-0.018101974273062114,-0.015119459819264816,0.004282643300932393,0.0005903068235299825,0.0038642680676049534,0.005205399256150098,0.009917498555073461,-0.01640878256347104,0.0025700347847261887,0.00120000602760066,-0.0030401227274794345,0.0003979183634067224,0.010330931127021858,0.01251058407398746,0.017457330302646516,-0.003039794583097384,-0.09833724518768579,-0.0121969777928456,0.00439150261071037,0.0034178237572928152,-0.006387465976466476
2025-06-30,0.006303198845365553,-0.005146767019170644,-0.006277231686631752,-0.002363659483687355,0.006405696268611845,0.005151137506128882,0.006267506413724392,0.0248121568004225,-0.0053531554201120286,0.0004379182730987609,0.002959730030135589,0.02013598512579886,0.006060918119442569,0.012027550230879784,0.0015201689001292087,0.02312016705582479,0.04179445660861148,0.0391310472912751,0.001650759288914898,0.006456149328470696,0.009792745747829592
2025-07-01,0.012758252337171075,0.006394759637125254,0.005208289105661505,-0.007422836865179387,-0.008896942035085153,-0.0011191571098791433,0.009034335761370674,0.005959516032616415,-0.0006194895349279624,-0.013504224993731051,-0.010834379756567498,0.012833554762505453,-0.02589850206927938,-0.03459107344404193,-0.030134954669382066,-0.040383715510189974,-0.04225358612324222,0.0015083983312113266,-0.01096062555906173,-0.008465166185971965,0.0024764685070447225
2025-07-02,0.003380872641776682,0.009488623021671569,0.030100091680430326,0.02936637366995736,0.007258883276101089,0.0047338743064907745,-0.00023644878792308273,-0.011353604956222913,-0.0004132326075602726,0.02946777720135706,-0.0019528641263497069,0.021987209167053007,-0.007886776517920751,-0.006779329907735996,0.02544022027251973,0.019303462014666338,0.010959032879289688,0.04910308473753963,0.019422968935669523,0.006941234093660584,-0.006373754056494874
2025-07-03,-0.004910454236063616,0.00978020945508253,-0.0066939180180563464,-0.004495657638656478,0.009891784010620127,0.00830437821066394,0.007705737313116387,-0.01574837152360857,0.004124583366074667,0.007218611789243165,0.015658015846364143,0.005211293611914645,0.007594800124077438,0.00954299129773333,0.013203286621560333,0.01937386371645121,0.016812205721568173,0.031417223550566094,0.008391440553441473,0.009792158814384408,-0.006989557457483336
2025-07-07,0.0001800334682463348,-0.004604940452187878,0.013785148304748359,0.011273406743372683,-0.007964488719106275,-0.007893368104244017,-0.009462106623178744,0.08257552595110282,0.0030823310760854585,-0.012371237699285711,-0.002247773931827168,-0.01700149564758342,-0.000918426648040841,-0.005845050512391753,-0.006927444170970858,-0.003640588769453511,0.03481406566142947,-0.02155212685843414,-0.013703206431996273,-0.007561507184480343,-0.009589398537930565
2025-07-08,-0.007591297859755788,-0.003913192095893367,0.0058711678942017665,0.008158632260514456,0.0007349852068695557,-0.0007161432504695748,-0.0037361134085786988,-0.05666263749048405,0.00030769556067941503,0.005987787747688724,-0.0022125750804845453,0.00028576907769630084,0.003224434808746433,-0.011158372443518322,0.011061049419724613,-0.008718424377385669,0.004232058769952889,0.009598191663937748,0.013209497646124503,0.0005614892114654214,-0.0012778577530080312
2025-07-09,0.0013900517720019155,-0.0033230844876732876,0.0007314084547858205,0.0005700572250220184,0.00713938927080731,0.00604380277677969,0.004905113820525755,-0.053142268612983594,-0.0004103078818324033,0.021576245274881944,0.013778461175865961,0.005366195826791592,0.01666423914670077,0.010118745668433462,0.01783985865536264,0.022194955147237058,0.024184448592520873,0.005570783985846298,0.006820234325798534,0.007053874736834516,0.010407211845987453
2025-07-10,0.0017498283805606845,0.01872260225614796,-0.026826323016373506,-0.0223304392375125,-0.0015603915300127392,0.0027424410729257912,0.0043169661634730825,-0.010088348541556767,0.0018450220756838643,0.04101205071842649,-0.00403985128328624,0.0059970332459500465,-0.007589083443356966,-0.029692593273850147,0.007462304828640099,-0.009036879426471836,-0.004411342601948249,-0.001318208011618588,0.007330499357478789,-0.0014391591923592264,0.0006900330082142389
2025-07-11,0.011568474452741711,0.043274854665264276,0.027849486122376768,0.024749482256414015,-0.0021337568402507567,-0.0033029717732258423,-0.0062710193731592735,0.038538013074052885,0.0020460052993358695,0.013103070357299034,0.0036624647720248406,-0.005902207974138676,-0.013469509142798613,-0.004391532655106852,0.0049845059826317175,-0.0037104948788196958,-0.0028109216533948613,-0.019074406655622832,-0.00010434701140458283,-0.0022529375880492035,-0.013890743289316394
2025-07-14,-0.0013417817890844313,-0.005548430989781301,-0.021709389666200556,-0.01647958091853313,0.0032882346694943334,0.0014064243309367943,0.001984365565334175,0.04762811660654813,0.002347812608868964,0.019655546332406876,-0.0005962504625369658,-0.012101822196916256,0.004741158503432871,0.01343424909194373,-0.005167294757861245,0.004436645223396756,0.04842139198345078,-0.005567148295236946,-0.007576613680458533,0.0036202871173961464,-0.002100442584671713
2025-07-15,-0.006495750023279325,-0.016462628137999764,-0.006891513624805755,-0.007250611907048874,0.001266237363927714,-0.003964145065672561,-0.009863210351044007,0.010410643373586315,0.0054906177892393776,-0.017443885857792257,0.0055509838438607215,0.002346032753829585,-0.014714034530690924,-0.0013321541526241931,0.039614395606997935,0.019190443982861922,-0.0038289239914055264,0.024471387625573177,0.019024321217891757,0.0009163976133294774,-0.007032980993182584
2025-07-16,0.006794079381100563,0.0005020943467253442,-0.0021068389445210046,-0.0027691112545783292,0.0010211641859518084,0.0031885685253844154,0.00524462569924475,-0.012738986382189699,-0.0023349419718482222,0.008129063950949825,-0.00039555681279942345,0.005008797516134687,-0.010585325994257115,-0.007934480701235952,0.003917357282829712,-0.00046288880589728023,0.015560110849946893,0.02662561287531164,-0.0052406833319373755,0.0010235137371345786,0.0014105401189922538
2025-07-17,-0.0037055602760010316,0.0053484988038978365,0.017324263597579107,0.01448880820593591,0.007527052749288005,0.005359380240011013,0.005177133991017343,-0.038009289365250935,0.0034497189502243992,0.0046325315439855776,0.011953195869021672,-0.0006664697157571819,-0.002136229802750815,0.01890347839079122,0.009466668777072643,0.019885867776593177,0.020204044015231352,0.030407371290516235,0.00836505556826214,0.008060001566201598,-0.00023501414931618238
2025-07-18,0.003854691586396078,0.004378664774949515,-0.0029656691622084916,-0.003458186035497487,-0.0006752439064019246,-9.049030280841674e-05,-0.0032039247042734407,-0.006680899998967385,-0.0025353696608453294,-0.010844225617985717,-0.00322977020911845,0.005508060298912894,0.004083504801290641,-0.05230289192361651,-0.003416250050641185,-0.010916482462839302,-0.003056821383094006,-0.013355082625462542,-0.0048107461458983865,-0.0009615897277655336,0.0015262792944386692
2025-07-21,0.01447860287732854,0.0227106691096158,-0.00208115723450823,-0.0010108990088111345,0.004955725458105467,0.001398157005673256,-0.0004313097074494998,0.014519297711828362,-0.006417837715639151,-0.0047883278598608164,1.9540390711886702e-05,0.006137078072563709,0.01226322162219449,0.019677113643957515,-0.005992021538431036,0.017041777183167652,-0.011332937121960785,-0.007812078285346565,0.0006886529549420583,0.005171361693961275,0.008876402115392716
2025-07-22,0.010904801640990577,0.005585200918381937,-0.014841707006914905,-0.008998649505592557,-0.005037696579081928,0.0006373284966667569,0.004038734685451449,-0.009049812608822908,-0.004712148542002449,0.021529885923986695,-0.009435430208667559,0.008995498343452922,-0.011510978196432242,-0.03564864758531446,-0.025709928968958563,-0.033948266867901714,-0.01808189899239318,-0.02254843031098622,-0.017851407879743594,-0.005189153378117551,0.006028434802411037
2025-07-23,-0.013200213092493647,-0.001068724932451854,-0.014605448906322377,-0.0011669469238256023,0.004275959398881512,0.007781532145702873,0.011347058739108863,-0.07094283080176363,-0.00184995229108039,-0.010391307548023082,0.0011868401246140046,-0.0011667067342310043,0.012366289325522008,-0.011238652087892414,0.022202821029685644,0.01814105760912366,0.036619154649647406,0.015791618307423975,0.004335792675270257,0.0045507811241641905,-0.005563416602839351
2025-07-24,-0.006829222657993172,-0.006564602181705882,0.011883119516578307,0.00973205672425079,0.002477627863027563,0.0006979799969332514,-0.007053855245122645,0.001300420054187293,0.0017472451348277392,-0.0032638027078905844,0.009854963083411324,-0.0018227390553003818,0.0017082595338736564,0.0033763616050264227,0.017183789848632187,0.017540491924901633,0.001486288835156454,0.003837237798872424,0.00414339182957986,0.0021261077729019845,-0.001744864970230984
2025-07-25,-0.011036651923321424,-0.02212869728845116,-0.013263325783737057,-0.010754323224147226,0.00225332303653686,0.003966451001680552,0.004643343061227133,-0.030345338167419175,0.002768850398919155,-0.0062043007703418435,0.005524319090991103,0.0005611306155064072,-0.0029703831469030935,-0.00022863142800759478,-0.0013824420820837484,0.005078667853417286,0.025124081130764222,0.009386250507097377,-0.0010777632079081597,0.002404273856468225,0.006267610814101141
2025-07-28,-0.0074965057238816635,-0.0037011011461839253,0.02350901306179033,0.02310903579293866,0.003603786825175244,0.00017684247126657597,-0.0014344476243939425,0.006675554006955608,0.010289959975385099,0.0024502755485273984,-0.002358307351053568,0.0007945872831611002,0.006921623331459317,-0.005001980713685433,0.018558731547405234,0.014098311754050758,-0.005810286308641997,0.010510865452856268,0.013543227136029599,0.0031202493174522557,-0.006500360102015898
2025-07-29,0.0043120472958143976,0.0015240748387354282,0.0367904946280851,0.03465799235554147,-0.002055896650268201,-0.002963830197466829,-0.004572916476662082,0.06128972569359601,0.0025307498523383116,-1.9742703547879838e-05,0.00013660102696481688,-0.013072685194727512,-0.02487376980864612,-0.005001406177409877,-0.007040409555520836,0.010545714679353948,-0.010441959995088599,0.009122148531492996,0.005099952491345111,-0.001550051957159854,0.016744976354067267
2025-07-30,-0.008339380490785232,-0.013694800449260934,0.01134989442383949,0.010017177794086625,0.001590843775580109,-0.0012502139385094711,-0.0038545070237215573,-0.03178907310180721,0.010359647568367186,-0.0007716619716275345,0.001306249810519561,-0.010563477354532497,-0.006866334716463936,0.013141175518664925,0.021197149286229566,0.017332518810624857,0.015055041036673333,0.0024771775573648926,0.011406301977201508,0.0013387932475465588,-0.0051666888292708464
2025-07-31,-0.0007892237945701002,-0.02736358302676405,-0.010627672231444093,-0.009741438093771038,-0.005467426315696661,-0.003701662046374567,-0.007456685387492834,0.07705672799895574,0.0009000984489406349,-0.01774942596736902,0.03871550377272254,-0.007104751036829674,0.10663412065578584,-0.021164774672168887,-0.00784007161844326,-0.029918979364610913,-0.0016405512344859592,0.012570329287945629,-0.025572363275631903,-0.005313264464307265,0.0005750308104497634
2025-08-01,0.01641380667687466,0.006408634549875711,-0.02826164006549793,-0.04023046978479766,-0.019782918004695466,-0.0161213871855698,-0.012366894347147831,0.19794842002607435,-0.01348647987167153,-0.0212871264623786,-0.017757409183642305,-0.025321677926800696,-0.030761501884359232,-0.0006902660325966032,-0.02360816874042725,-0.01737864872317972,-0.026103469810565504,-0.03754034906801843,-0.01686693288602254,-0.019895340192299892,0.014116542887572846
2025-08-04,0.007943973509988255,0.01094923261068545,-0.015566859688174842,-0.013147571177630796,0.018511129600451363,0.014629564491414495,0.013333098811657038,-0.15121087497900548,0.0009114938326347447,0.01534056770113369,0.021760641141602772,0.004781610667578509,0.034542643203814595,0.010637151581439363,0.035511987070790445,0.030973137227123047,0.04058601182127901,0.032642020144870776,0.02173770756209395,0.018283481496739536,0.0027291550761520734
2025-08-05,0.0022201510582657955,0.013221494196824215,-0.01719323012859795,-0.01642269657572258,-0.0073603120944219355,-0.004869703780462017,-0.001402324023778539,0.018660417960192417,0.0,-0.008118573366820805,-0.014839677755221435,-0.0021168857193060897,-0.016768489357842514,-0.019941463130295562,-0.009713695587568768,-0.01621970902405854,0.07556074264075384,0.012357444583289516,-0.010705289293225721,-0.0068126674937790425,0.0030616803680336437
2025-08-06,-0.0005619433653809127,0.0020939815637874963,-0.012508929605690623,-0.01115004500123869,0.012797734887899235,0.007255522219852605,0.0018432243959699728,-0.06241192646480223,-0.006092611016446497,0.007737149330479471,-0.005338574428187305,0.049653393530185774,0.011110778715546235,0.026317395499606315,0.006486298088631934,0.029400121235946732,0.03554689075313734,0.0029682088881705687,-0.0016733063895431495,0.012504827842513779,-0.005790835444185718
2025-08-07,0.005987967888747476,0.010326262845232513,-0.0073305702624902,-0.006900703734515914,0.003189850592954204,-0.0007977981718278668,-0.005092478859333581,-0.011997790110594823,0.0022382878268711326,0.021236359971131914,-0.007841066027680053,0.03129869520106027,-0.013248130393358214,0.0016025014685783592,0.00749617014752595,0.006904152714459664,0.01470698114264884,-0.027837778848143074,0.015578193299602014,0.003378413823096123,-0.0017092749516948176
2025-08-08,0.01134616025997749,0.00676460609637975,0.0,0.002405594856549754,0.009435664289184619,0.0077694548163894745,0.00469614592829927,-0.08959330624524582,-0.0022382878268711833,-0.006902004196733544,0.0023013199410052854,0.041485325469322876,0.009757599377547992,0.02614685554412887,0.010619853644031441,0.003975477570867098,0.025789758064952636,0.0026429551356463715,0.008244304429862032,0.009285074608191082,-0.004343925426118566
2025-08-11,-0.025324517441945554,-0.019848469853247078,0.0012515335842291375,0.0006005242253979446,-0.0035911129741715807,-0.0025072683938851073,-0.004549478991902941,0.0700924019998885,0.003457007440475086,0.017354247943951146,-0.0005173796469529041,-0.00837230955100568,-0.004468532152483818,0.0054898371122196355,-0.003509139296085911,-0.003514830834919475,-0.02315877791768057,0.010462956362700946,-0.000443022001405053,-0.0029633558806593453,0.0011451025098990033
2025-08-12,-0.0012534156557426127,0.006273085276564444,-0.012428397727227305,-0.007683570860866995,0.013198244225069879,0.011281559075170764,0.010935296245944469,-0.09820670937817151,-0.004272188161714821,0.012067410412961721,0.014215062335260138,0.010813739262220462,0.031020454756871742,0.00570472528645494,0.006023808648001382,0.02896135843023706,0.02321223448241853,0.00465906755071783,0.022578931031211537,0.01249046950945093,-0.005047760432088142
2025-08-13,0.002922075262479989,0.01570760058111391,-0.00826577022677899,-0.007438447856035271,0.0004126738266829197,0.0032248733840464015,0.010375022510187373,-0.016427458860831908,-0.002653897067652444,0.02604611531030144,-0.016498310921669652,0.015897409188223566,-0.012636352039227538,-0.017154657651950473,-0.008608717349844527,-0.012027469858326539,-0.014003601107524346,-0.0388773045288683,0.003924383754207096,0.0004999604940021791,0.008246583348307837
2025-08-14,-0.007021346864233285,-0.013519958883922833,0.02069416795400631,0.018268782301862362,-0.0006962707769297023,0.00030304487855445177,-0.0002450713536899551,0.023193410468529695,0.004181796800026985,-0.04125044324166835,0.003642904469170196,-0.0023599515483424664,0.002624370717165159,0.021454617684049337,0.0023651728456153295,0.0068998272867883004,-0.01833703559735696,0.0031893458615924403,0.0021219692188258438,-0.0007758640879389737,-0.007441867658451116
2025-08-15,0.0002398515522892742,-0.0023195075284289193,-0.018302812326256804,-0.014922243920754084,-0.005063440485189135,-0.0029013399163647113,0.0007758823072223441,0.017380131886339894,-0.004079572501346859,-0.008154397097906272,-0.004430891311253298,-0.005125312002106845,0.003955748484299955,0.006794871269998873,-0.008662868613232049,-0.015836715542557424,-0.021497832723842494,0.01346221007101437,-0.020985754394358524,-0.0044069089101566985,-0.0071502076971152
2025-08-18,-0.0012898149154139478,0.0015030447981110365,0.009824178912884366,0.01132514961799989,7.124611727114291e-05,-0.00010076825773579619,-0.0007634446634145712,-0.0066489860460745625,0.00326497280452983,-0.009809929347405015,-0.0059194853074818615,-0.0030271086609148412,-0.023007613802349655,0.0049436184170346936,0.008607885130718085,-0.0018950094910627567,-0.017882022145573703,0.0031768348034104396,0.00408429501017895,-0.00039852399129763525,-0.0028977294828692627
2025-08-19,-0.005507846531911064,-0.018348613749446335,-0.017015592585072035,-0.012236689621437815,-0.013970524777465977,-0.005875329112207127,0.00023263370988230433,0.03796266940012603,0.001018107161472012,-0.029870220205219213,-0.014276569713184998,-0.0014302831382129908,-0.020924426013696144,-0.02516358700024584,-0.035625095509758,-0.036130322469881064,-0.09821618971043419,-0.05976681388347496,-0.020384166453454127,-0.013660578137797186,0.0057869950124355765
2025-08-20,0.009013401028552843,0.011845514382182482,0.01369885434705882,0.015833783924191918,-0.005798285040043763,-0.002434630632264957,0.00035697661877968906,0.007677573755064212,-0.0005088851746730002,0.012712851606869349,-0.007976440613924272,-0.01993191516264375,-0.005016141491094255,-0.00023887322088703142,-0.0013673901565778366,-0.012762888473516403,-0.011091428872498131,0.0018736119980178158,-0.006588189259373156,-0.00595501496641941,0.002190272271844595
2025-08-21,-0.0019460210593331287,0.00850368475593492,0.00489232214518028,0.012341274247542463,-0.004612436507254205,-0.004012219728951123,-0.0034062027434672132,0.05637917834187325,0.004064235606779435,-0.016372327846506683,-0.0012883508182282872,-0.004923405133202545,-0.01159533299004401,-0.0063221470927787874,-0.0023975284422295936,-0.005406693501543367,0.0010890687896941524,-0.008115855420124204,-0.005204599858383183,-0.00464040523571677,-0.004963898385871422
2025-08-22,0.011175298783647576,0.025342079023089208,0.0022015953115401775,0.0008863396047325279,0.01524616720533102,0.015072285158779139,0.018719063036748206,-0.1547532751891094,-0.009167849764747094,0.03886392642477823,0.005912343045197068,0.012636571965657789,0.021006364683876993,-0.001294192795084481,0.01705577684624118,0.015079106971314628,0.016258536928998556,0.013673364684217,0.021270904582320185,0.015309567580035764,0.007379339251090976
2025-08-25,-0.00017778178523024962,-0.008393464012582622,0.01774923099622844,0.015674526505964206,-0.0030905397176701115,-0.004275512539646319,-0.007683535081346085,0.03930183098997578,0.007239379860169711,-0.05948697067887765,-0.005872572717918165,-0.0026377830643617853,-0.001975931991401979,0.011078594465947656,0.010173380119172456,0.0007820424101908678,-0.00993966782943289,-0.00406963586168446,0.0009531379793968677,-0.0028887649014316644,-0.002875969888966658
2025-08-26,0.004377165544111227,-0.002459194534489997,-0.02421052284562626,-0.02323294883946215,0.004246131195904809,0.00412547371011636,0.002990096088344782,-0.011560827649531319,-0.002033936880557363,0.01512512333952803,-0.004412201053792637,0.009420191929208597,0.0010613906153763837,0.006562621352990151,0.010841438539146547,0.012765196618819419,0.02326854461159583,-0.005110495455404498,0.009582330146901415,0.0040069755898665144,-0.0005762791233581313
2025-08-27,0.0047106015210283785,0.0027694351598420612,0.01412898724012466,0.012271933486510865,0.0017226407366309462,0.0023881304533030262,0.003234885595839064,0.015609444442969123,0.0,-0.00520655346926939,0.009318170980313867,0.005132723136336729,-0.008951185991350507,-0.002114662310438496,-0.000935660110993945,0.00748844433528077,-0.02613577362432407,0.006808206558162789,0.0030618226083618926,0.001535794647823587,-0.0011534641247393125
2025-08-28,0.007957432015570034,0.01286627656061418,0.0069902723203849985,0.008341303512981927,0.005821960615039043,0.003151747441466755,0.0015716296178884892,-0.028690497002423307,-0.004284905519297913,0.011822640333317674,0.0057065935518584646,0.00894079103525418,0.004978344131056833,0.006476718171825952,-0.007905715707802479,0.027592533617915378,0.0088934261227055,0.018945022422628625,0.004090264399419046,0.0062404092446850835,0.00655656803823544
2025-08-29,0.012135375150160638,0.02544543743390251,-0.009175032640841454,-0.0073131813420259815,-0.012225797849882479,-0.006418740402792551,-0.0020183761530006596,0.062457311433301986,-0.00040904915912666473,-0.03742335971466304,-0.005805202352673754,-0.0018076532753705872,-0.01666022364760569,-0.019019303115602227,-0.03381164899589295,-0.037163477688094984,-0.008957201170316155,-0.06086132612207382,-0.029161627937237068,-0.011643010763045355,-0.007133845127153901
2025-09-02,0.02155825335719171,0.021435240936227385,0.02438383494499543,0.014862529551468613,-0.007902474581550523,-0.006946350061030363,-0.00548368673773861,0.11139697398504478,0.00642307238253446,0.025407604492033505,-0.00310341311922011,-0.010479415315868323,-0.004871840760248719,0.00483831724078611,-0.019712889995680733,0.0028540231282232786,0.0024218598219293936,-0.0036772760754179277,-0.01321171652198849,-0.00841541626630411,-0.0074694089854854704
2025-09-03,0.012264609179004047,0.011402703706401692,-0.02500894692781603,-0.02252546518897004,0.007877700936136942,0.005087112302941308,-0.0005427609394717905,-0.04893575867808498,-0.002645795122542308,0.004688830576405435,0.0004552817932497732,0.03738232170686491,0.0026356273559348773,0.00989229107279525,-0.0009374232451266017,0.013819173967687039,-0.014039158179793626,-0.008245148841754306,-0.00017462039078329725,0.007836677201889979,0.010917696761784269
2025-09-04,-0.007654710471889562,-0.015306000859251006,-0.007689354097416977,-0.009064637845365636,0.009274450905449958,0.008311847102873571,0.007702731233813061,-0.06637507981002318,0.002137504877720227,-0.00898746169776838,0.005171140606282077,0.005478194691820946,0.015615926119870994,0.025206112230526274,0.006076934309694111,0.012194167665289564,0.00797332876326222,-0.0020158833023645414,0.01190380655082313,0.009010727675887458,0.00759496574934411
2025-09-05,0.013205346467745164,0.003976391479531736,-0.02568949616802651,-0.022493179990173053,0.0008218041242929047,-0.00317017266993674,-0.004843439145387161,-0.007874048793430576,-0.005914782137712255,-0.0006560571512495267,-0.02586461097900745,-0.00037531238973336324,0.005062937938060968,-0.010922407291680833,-0.0274021587013952,0.08989037172873664,-0.019596415479779312,0.043007990551589645,0.011729848368758459,0.0014419237197609777,0.015132069151491673
2025-09-08,0.00686780141163577,0.008533321489745038,0.0062837457754367386,0.007907532936617527,0.004634066291787798,0.0021037644508885675,0.0025097924201061194,-0.004622038508200957,-0.0032783525451430197,0.012755470324236696,0.006443797395278915,-0.007580043466470937,-0.00019938152762056027,0.0007554038403364093,0.007693951967387206,0.03162448793117783,0.019340245318057992,0.024105667716610005,0.010986783006902152,0.00486613492934096,0.013236093011918257
2025-09-09,0.0014282835584511465,-0.01331669065047948,0.005925275537221591,0.005588757959818188,0.003256161637035481,0.0026845470300734414,0.004305577491069541,-0.004643437577763262,0.0034829370489315808,-0.004837916692699648,0.00042149190204297007,-0.014950591264106123,0.017655251377726076,0.0147450174537423,0.014451487517380842,-0.02632342465808019,0.039319229108523694,0.01262540867168501,0.004341071070245408,0.0028290624791937487,-0.005699157187533224
2025-09-10,8.235294082891736e-05,0.006218724240319515,0.01646905167872603,0.01643297356512486,0.00039710357372790345,0.0029790282293981275,-0.004833616924559113,0.02040218289932801,-0.00010228702004190965,0.02150827089182057,0.003924726397711847,-0.0327913485579626,-0.018080736970282126,-0.012377840042214941,0.03775344457915153,0.09323690678780265,0.026619650197010347,0.30710832515262876,0.010089582163568887,0.0003273035440359341,0.005699157187533293
2025-09-11,-0.001840587103648067,0.013618445157770219,-0.020629091857851622,-0.016734218562049485,0.005990215836766935,0.008450087623093565,0.013473683919240234,-0.042587961678039646,-0.0024574849982395976,0.013529013824572132,0.0012782645216960395,0.014185282152052413,-0.001437138047226124,-0.03607593542736632,-0.0008464691709691908,-0.027264484559339545,-0.014376598198242321,-0.06437404268610995,0.010252121351349102,0.005803681615277243,0.006663898653088783
2025-09-12,0.0034311001737597525,0.016412585827095046,0.005117549967248644,0.009298134090662317,0.004143893804906066,-0.00048287788142832935,-0.005955524305025346,0.0033932974726116655,0.00010253868507699651,0.005129680319349263,0.017588554017360425,0.017410578462299545,0.006226338925209736,-0.012592427928025049,0.0036622393684891535,0.0006670896621249632,0.042115829566422056,-0.052275037759121255,0.0012824804791991792,0.0044074400546495205,-0.00432632156992383
2025-09-15,0.008947642619622902,0.003062219825449937,0.009683393717559274,0.006695027263380272,0.008332622674112618,0.004695577726559718,0.0010735221374086228,0.06110270532150231,-0.002566077796780523,-0.005672338115693464,0.010651038921044187,0.011173206896220039,0.011984736974073042,0.01156156398354513,-0.00039384774757564376,0.011658286199181205,-0.0012840648641863407,0.03352053800741738,0.009321548970844787,0.008520470143072816,0.0023318631085733096
2025-09-16,0.0018178977764950366,-0.0010824498677873453,0.019089884130283317,0.015157361066503231,-0.0008042038439799304,-0.0012887604333313247,-0.002740048308160173,0.041815828481424934,-0.006909796968858478,0.012039614740681204,-0.0123390602296241,0.006107203194049533,0.01852742532165782,-0.0014566142659774585,-0.016277980876145105,-0.011297071295497169,-0.00556426423842435,0.014816382260167908,0.0001301473736483499,-0.0008454403645194573,0.0021050724112268845
2025-09-17,-0.0019265078645296421,-0.017792935340694444,-0.007311125238423738,-0.0076236152759259716,-0.0020850603453548286,-0.0009706390782443865,0.005675164601634725,-0.039905564494527264,0.0024806782040533468,-0.003211840787451935,0.001923308987091985,0.0035210509004652986,-0.004219446425258564,0.02304741320657587,-0.026597241403402035,-0.03917394894483829,-0.011400298883766409,-0.017235469821457915,-0.006400434188752762,-0.0019978368606089003,-0.0025487969517620427
2025-09-18,-0.01040214079746196,-0.00035957256245239787,-0.007522419841542572,-0.007533745790577349,0.009499164109586726,0.004777687836708263,0.002693156208692406,-0.0012731037820809259,0.004942814352483446,0.005725006775122414,-0.003082998516371822,-0.004655381783017964,0.005822702088717751,-0.017009937847520876,0.03434396892143857,-0.002371629733066656,0.050053884272132275,-0.01601972743197365,0.03767604952609891,0.008976494550609327,-0.010373134717467812
2025-09-19,0.007600662414640123,0.019681761715175473,-0.014099233791081182,-0.011333287435445072,0.006982725710347426,0.004873523937481177,0.0037389611396535737,-0.016051709207089097,0.002974523129664807,-0.012441583362179643,0.01847305722139951,0.0315305699369118,-0.0023994427442629676,0.015763741399948957,0.002436745997643716,-0.0011879719319859063,0.03016701464860671,0.03978861226002338,-0.003983099373380009,0.0067466321728679906,-0.0019079338154501118
2025-09-22,0.018672448725779663,0.02926022149357021,-0.0006383804178616805,-0.0016510414309863035,0.005459727174804387,0.004400350714762291,0.0014298128176204342,0.041210304685733154,-0.0031799540224671263,-0.02574459685359166,-0.006741670897928221,0.04219290013168558,-0.0164552006276834,0.0003259606752927878,0.03853048537251343,-0.016278090841169848,-0.016919554058632484,0.06123046525082192,0.020255318655499965,0.005902457843437277,-0.0036012001838891666
2025-09-23,0.010610006389506373,0.008932826417680423,0.01221753336682196,0.01579760994663083,-0.007332657238336524,-0.005517351828739721,-0.0019154786210211923,0.03299010302909157,-0.0007194583114909327,-0.006531416615244119,-0.010198438716161586,-0.006464066249566687,-0.012837483295684522,-0.007277690439242993,-0.02861765458791344,0.00044260497117347506,0.017796430648161544,-0.0446194900690092,-0.0014599044559929324,-0.006664444678056771,0.006965471790531956
2025-09-24,-0.01291164894810577,-0.009435232545841922,0.024611803730545136,0.024537529730489064,-0.0031211831532790965,-0.0028506771652953692,-0.003711560605344252,-0.028033468221638266,0.006252268561541021,0.011663525697123141,0.0018049085202667553,-0.008367357647185152,0.0069389904176186245,-0.011988184444468761,-0.008216168557129732,0.0010909822844534537,-0.016514724501899142,-0.01725921823215001,-0.0018357716699263528,-0.0035167228478133047,-0.003813768447172752
2025-09-25,0.001285260502940439,0.02079777880006118,-0.0001537971341351223,0.0015858233517196865,-0.0043459312389723965,-0.005021648742526333,-0.0037789461676936303,0.0340251208969369,0.006923969064020212,-0.038491879643615556,-0.006134581432704233,0.017911625985712415,-0.015567696517135235,0.0035569446620502313,0.004060334377331126,-0.009505260187937034,-0.0024534552866352973,-0.05713552634502439,-0.00015569171222874032,-0.0043206014549962745,0.0
2025-09-26,0.010223498096000606,0.033527900927235434,0.011323729841388266,0.010175639327497816,0.004357329385434574,0.005884489130413512,0.006507317739119829,-0.09060203394250499,-0.00406712829645509,0.00606632543055882,0.008699166536281246,-0.0055042148040742,-0.006913836103827308,0.0019596055393419514,0.0028099153155892965,-0.004682261867584423,-0.008691006412811427,-0.027385727014006357,0.002364415704619232,0.004102442173319647,-0.0008994228319922757
2025-09-29,0.012006108728818521,0.008423753442250954,-0.035151105558710066,-0.03128417406667901,0.004377470655589692,0.002632077259912619,0.001486144477118177,0.0528617716940319,-0.002448209500075601,0.04183812651811283,0.0061204602137745045,-0.004040053534453041,-0.00047063111480474514,-0.00347534235451548,0.02033175514549697,-0.02001787403223505,0.007238441712809004,-0.0024724287281374276,0.002606684012903872,0.004620437709346346,0.008177861085380794
2025-09-30,0.005194719543134664,-0.007731717144935334,-0.017167832772092623,-0.014075417097358111,0.002785100570882968,0.004082503613507919,0.0017650056779693665,0.009876613611529673,-0.001430979586219124,-0.0030141158842399056,0.006488934203835655,0.0007857485936756352,-0.012207740355054043,-0.0062278604528906555,0.02567789523362701,0.00611117934875075,0.019708330383946652,-0.0053901500964140345,0.011401881268535901,0.0027354487081807433,-0.0029049683649485154
2025-10-01,0.006927612517481628,0.02217258492499441,-0.009504705681003096,-0.025233615499730706,0.00488550144102528,0.0033941541712235066,0.0009308791403735248,0.00061407606411764,-0.0006138485961637263,0.03947865276779501,0.003392326067374934,0.0032151298202565005,-0.023476576559829022,-0.023648484699905204,0.0035312240305386154,0.010493213088802153,0.013773791063579153,0.027252902287081694,0.022211409665618166,0.004785485524438967,0.002579138274271273
2025-10-02,-0.0072140776340165556,-0.027657479526539994,-0.021266943429129492,-0.019157049201351903,0.0036986839349886017,0.0006181636213842448,0.0016914051743174207,0.020656763924054484,0.0014317796616148805,0.016983874858595087,-0.00766830379550692,0.006555105475919997,0.013445238375703045,-0.007174002174054821,0.00877356456654706,0.014265226983650396,0.011290475331338076,-0.000796069755261453,0.01354329208009383,0.004102644713341661,0.002907590522066328
2025-10-03,0.010647104699776156,0.0341283401166873,0.006592006795596239,0.0065298455113709025,-0.004317395951381152,6.55106568658717e-05,0.005115097239433026,0.0012019507755499145,-0.0013294193666388184,0.013050507216426515,0.003116719229398485,0.0034552785601604428,-0.022941854330524987,-0.007953904430856654,-0.006746299902584282,0.00056167118804165,-0.0776797978530452,-0.00918382050649459,-0.00462282251053893,-0.004218592005638049,-0.0019002545876908017
2025-10-06,0.017294429424654912,0.010138165326561265,0.013217089862356094,0.014461828067311586,0.007758286040801146,0.003639959282762629,-0.001354955759940058,-0.01695975086576718,0.00398304551500883,0.02012868084515184,0.02145578678755221,-0.005167971387568354,0.007151812151099968,0.008624655064905477,-0.011148046965904684,-0.008547872438470314,0.03664613882699138,0.018867357121393747,0.019704819594803857,0.007482066859813396,-0.007975190829100833
2025-10-07,0.007091447444070091,-0.018959005487523575,0.0006482080298397469,-0.0003055953696363721,-0.005553343660444098,-0.003818687706853079,-0.001971925681716406,0.05178180930974778,0.004779115455139772,-0.02681798376519831,-0.008721815046370006,-0.0008183388500996244,-0.0036115655785397835,0.02357428945390597,-0.0026985353040084835,0.00273850435079177,0.01459798890808666,-0.025529850102208165,-0.018606415850068243,-0.0052795418778261655,0.005735306498270351
2025-10-08,0.016633994907520277,0.03082619811195045,0.01319619572542084,0.012149019137739343,0.011861177686581589,0.005810748494187323,-2.57329932066589e-05,-0.05606719095272428,0.0027351143287856552,0.015551259305387295,0.0016589481690558452,0.006141440918380204,0.006653118638235424,0.019282936866159166,0.021756858631033507,0.026662082407833434,0.007601269234929216,0.015326828362508085,0.026409821596717543,0.011398596217511017,0.0007845567571081612
2025-10-09,-0.024282758867578195,-0.037824118441793564,-0.016766488783076145,-0.015669275788459478,-0.0015303917413478692,-0.0027593739802789824,-0.005235787417896487,0.007943889616864368,0.006956048447671245,-0.01346040236705057,-0.004678791333891448,-0.01570053155599148,0.02159447557837204,0.013757100891169572,0.018130890013948877,-0.0013903686281216327,0.010351574256554521,0.030185656598387726,-0.0024882220022466157,-0.0012109595862478501,-0.0007845567571080244
2025-10-10,0.007472669571045818,0.0018765999645109822,-0.04335861936876658,-0.03892639426658475,-0.03554473442346087,-0.027485975439899807,-0.01913906910714018,0.2763582839046803,-0.005641739188979238,-0.07232182184699049,-0.02214234287731204,-0.03513195092238275,-0.03921799264960719,-0.008967271388423636,-0.050099617507457596,-0.06091626136277235,-0.05559603245733277,-0.01356142553779526,-0.05928209579684534,-0.03533111853495656,0.016018167350426087
2025-10-13,0.03283124863445809,0.06579207650283045,0.009967142850277801,0.009361435381944337,0.021585003299743742,0.015478263036934031,0.012845499981522398,-0.1294505171378362,0.0029255333464246066,0.018003479276781486,0.006029234098338622,0.009697182425175034,0.014637832209760894,-0.0008609973480512449,0.027782635594309407,0.09420908238009805,0.01003838984821875,0.050096136082963524,0.043339247618729745,0.020999303481887274,-0.0005520596593675501
2025-10-14,0.007299414410765657,0.0036636994399945285,-0.013368519582766103,-0.014796233853379696,-0.0069301382727376725,-0.00156555149694257,0.004394356671167651,0.08941689735171127,-0.0022185728306005847,-0.01884916344559421,-0.0009342182567258426,0.00044402022615236544,-0.009899217602967365,-0.0030233282460020387,-0.04501927105154537,-0.03587563500315691,0.01417588491819401,-0.029688632275169255,-0.018567121888136598,-0.006683234011422824,0.00319689871140591
2025-10-15,0.009187545165353398,0.014972666263086163,-0.00735235082042639,-0.007723281273384103,0.006732519733329009,0.004017918503427979,-0.00037076621571704944,-0.008202703699969066,-0.002628409631043551,-0.020862578290898413,-0.0002726597605566877,0.006316514957929752,0.012480782273053336,-0.009972639555149472,-0.001111500689457427,0.02070636286312965,-0.0006679117332711967,0.015333292870076336,0.02452435094735195,0.007032016239585387,-0.002203532032079454
2025-10-16,0.02443046188439831,0.037469740949892895,-0.013998351393044674,-0.013824705268891145,-0.003567392597726192,-0.006314280275141975,-0.006530439711555114,0.20396864241431095,-0.004057227649507828,-0.02372248478317967,-0.0035510586397172663,-0.007608909806463546,-0.0076663752402458514,-0.01650728922428068,0.010950142090018556,0.007994667141397236,-0.008386028018227402,0.030426316405190078,0.004437368518562848,-0.003709802410565925,0.00747231667058821
2025-10-17,-0.02132293911227755,-0.061426491553587786,0.0013913364167031342,0.0037597026376934807,0.006496571367741519,0.0052568739445263,0.005173958295756761,-0.1972085347417192,0.0004064720672707441,-0.016009839805348834,0.0038433322044700816,0.019370654536732482,0.006787975192971718,0.013235853745980942,0.007725510234727423,-0.01370359327541973,0.00016840475085094667,-0.07181520459404832,-0.0013699863810088197,0.006545236754772689,-0.0015338705561183952
2025-10-20,0.03436764429162454,0.024856970232058594,-0.0003476526634173085,-0.004578954782848648,0.0129336062821903,0.010615724136144117,0.01110849681669647,-0.13092245513454456,0.0016241607005587312,0.03797750155231332,0.006230594320272756,0.03868092101339173,0.021048484402705188,0.03216138089084199,-0.0031706593282750787,-0.0002576406316946309,0.019125520613492215,-0.04972088913591398,0.012723949732669439,0.012522069909412088,0.003830402752998643
2025-10-21,-0.059062035540049886,-0.07447969677901761,0.005202009939038112,0.0050682913744178135,-0.000552583380151448,3.269591641698797e-05,0.00465999111006146,-0.019945187445519826,0.0034427329777827467,-0.019282830173496076,0.0016821281308762122,0.0020190045980656188,0.001501313545190485,0.0022500771460428246,-0.008136322174984818,-0.0190205575556103,-0.00044066006260771805,-0.007350737924236748,-0.005545033362617531,-0.0002615917482421227,0.004903293703390996
2025-10-22,-0.01064926865576389,0.00023174916179062298,0.011692022927642327,0.020499474347666368,-0.00992370644451134,-0.005351834774743029,-0.007150275757505973,0.04003822509368809,-0.00030327836272713623,-0.007293562270818725,0.005548082870082729,-0.01657682531661047,0.00019082980719445635,-0.10611715476420716,-0.004869486975601364,-0.006911189946194813,-0.033728625814808046,-0.009090696028186785,-0.019594083064465095,-0.00968072831209264,0.0006518344947034438
2025-10-23,0.019854040473195667,0.021284272636443984,0.05471479965183317,0.05289765964879074,0.008740193126393967,0.0058104798620133855,0.0030902609874469337,-0.07245514382509456,0.0004043764180174248,0.021870444424777702,3.8465999541979626e-05,0.0043625258369113535,0.0008041862780732096,-0.0024933184380806998,0.01037424620852365,0.01165679161882353,0.0280378521095485,0.026813987572135878,0.018145033168075354,0.008371341261387805,-0.006866749593157523
2025-10-24,-0.0017225098547725875,-0.0021680914782260287,-0.004704379077171698,-0.0007579083550496586,0.010335918105132822,0.007871361975244856,0.010059761539140974,-0.055256014753595165,0.00010101073197491472,0.008721714285261932,0.005841893468855865,0.012404587722707566,0.005922401637862599,-0.017117806753439414,0.02225809818499557,0.028179778904960415,0.022733904217198436,0.011572589683550426,0.018220580023877588,0.010621673394475997,0.0004373983096120379
2025-10-27,-0.028695490766858036,-0.03823970772890121,-0.003094190638740023,-0.0048647052794245395,0.018108866962731812,0.012215141327379352,0.007123252416458142,-0.03607361679793433,-0.0017194984524789793,0.027408881782039665,0.014993829501661277,0.022535356074125084,0.01673453197791794,-0.00011876659235180352,0.02769214703276586,0.022118184599330206,0.024345055215290182,-0.006835154488037001,0.024752265610850657,0.017652480809064255,0.003383472662113054
2025-10-28,-0.008960778782097539,0.01201888204232268,-0.019101516385149182,-0.018766912584742758,0.0073543067203972355,0.0022853305022299255,0.003396950623437039,0.03912328281902929,-0.0009114938326348074,-0.010244824086811922,0.019654273051982595,0.0007065288197559364,0.0008254133344545044,0.007227860598235325,0.048618480037657764,0.029715697129603032,0.002217717943043433,-0.0020276755510997297,0.008768438520548852,0.0076605278808250495,0.0026114549222064484
2025-10-29,0.004402578266743398,0.012567920885157555,0.005471256513850732,0.008042057637524991,0.004131795134183618,-4.3579204733175357e-05,-0.001560150608452076,0.029996250016490023,0.005355970253849773,-0.02601680546576632,-0.0009597389920332169,0.0025989767572192316,0.00030602986446032985,-0.001897487379416268,0.02945788705226331,0.03428757905555339,0.047432960475688214,-0.019888062529547862,0.01503336003528851,0.004492870449753416,-0.010157913148052394
2025-10-30,0.004408297096619672,0.014706621179701264,0.0014869916520238826,0.0012315554540326826,-0.014850975324414985,-0.009954191424534511,-0.00230949440394186,-0.0005912048002166111,0.00311947481739951,-0.01602663895461955,-0.0295906506193146,0.006283466664280875,-0.12030235171133391,-0.010422982996880532,-0.020248053829069825,-0.02494715165376865,-0.02166036737134578,-0.06921327761236129,-0.013327272147369321,-0.015406693244326393,-0.0058354033346260615
2025-10-31,-0.0047849023856938715,-0.009002195547953992,0.006746218098867316,0.0010763389212942712,0.004780520125261151,0.0026145009178832708,0.0008571279558914323,0.030861295216443967,0.0027091199028566174,0.01148096119628519,-0.015236447589300659,-0.003802376160255665,-0.02756441800048763,0.027050466016529426,-0.0019734570078558597,-0.01833587252664908,0.029975400588789343,0.022021924870654335,-0.0019539797543725477,0.004812416806311901,-0.0029858422954817856
2025-11-03,0.0045349523774452045,-0.002211030978419181,0.0011472540064278913,-0.002770089589796132,0.004430114247162966,0.0017192339969181521,-0.0047669737679388235,-0.015602769750574097,0.0007011538604617659,-0.02784621649519701,-0.0015074686283697196,-0.004894071892846057,-0.016546973300568396,-0.01691830492781363,0.021448444339366195,-0.019340220545152744,0.03292332957240618,-0.018291900060992412,0.008448643491659845,0.004773298207041867,-0.002504193848192298
2025-11-04,-0.013236252040332198,-0.01595519770785064,-0.00805855625402388,-0.0069589230318593525,-0.02090153744514573,-0.011806250392326717,-0.005325924446640324,0.10127529981361154,0.003498413955198091,-0.04764085753760775,-0.0052357096217623324,0.0036728825801045834,-0.016426902098165323,-0.00650242882900469,-0.040393158064018025,-0.02970167877851512,-0.08267667232800652,-0.03826409538046094,-0.037118564485019205,-0.02050691472772997,0.0022262789153629295
2025-11-05,0.008224087134207535,0.015432978063345005,-0.015979083336420338,-0.014379772049788677,0.007220771670119956,0.0036468976756877185,0.004783286989178897,-0.05351180726997863,-0.0001996235177140679,0.022400061321748738,-0.0140386699221063,0.00037018397954444794,0.013663182118472136,0.005019614778490941,-0.017669859029216153,0.019806039724791544,-0.015001399013357961,0.008586188072762933,0.01892621733321707,0.006486933663193192,-0.010955978052221111
2025-11-06,-0.0001005367923334668,-0.0014426598739446322,-0.0028563939556934584,-0.002206453030152947,-0.019310534012418237,-0.011241134514722728,-0.008462908750565231,0.07948729367323931,-0.004701590120104617,-0.025251182491850755,-0.020035292897006292,-0.0013706039944364156,-0.027111653750646433,-0.0013117606200815858,-0.03720845826520234,-0.00948835558916352,-0.07083820910232287,-0.026351895665871292,-0.023671571564675326,-0.018803008975921322,0.008952567645710036
2025-11-07,0.004887656635851291,0.0046549974929010725,0.005370036298004862,0.00393670291571288,-0.002798516513024229,0.0012610463474931072,0.0015932113560966153,-0.021773803548195154,-0.0013044188035114378,0.02023892596873405,-0.0005634072263488708,-0.0048305427121975416,0.004465418177578069,0.00603446069381144,0.0003718954458708058,-0.017475155810462516,0.016318508520950226,-0.018797504862485367,-0.008495346080673009,-0.0031603184975974147,-0.0021190840852882255
2025-11-10,0.027716515886168476,0.04400163799506155,0.006339712003290341,0.0067350320387206605,0.021785459806317565,0.015283626703501816,0.008087042963575004,-0.08074173830298387,0.00020082594524243618,0.02506889682194238,0.01830881321996347,0.004538267036518442,0.016035802994341392,0.01475931206466686,0.05631673403630657,0.025318682651533624,0.08445565619829358,0.0065405220079239185,0.030190009224345272,0.021883016660812563,-0.00022316642466325292
2025-11-11,-0.0012167524528548244,0.008750527588091883,0.015020499160100932,0.017025733865876153,-0.0030599162556490984,0.0020731999523923177,0.011738897587595066,-0.018349120606183555,-0.0016074311341133444,-0.028702546476841843,0.0052824923387947845,0.021371261548658933,-0.007435344635741693,0.014509327407528673,-0.030037238330691364,-0.018104362015363445,-0.013781812364479272,-0.019624081062855736,-0.02180863068571758,-0.002667073302762832,0.004568033864847722
2025-11-12,0.02348748385555354,0.05222929512220047,-0.04267357382343158,-0.03832492998009837,-0.0006331007686399668,0.0006293191259445972,0.006796655888107074,0.01322235625691449,0.00020110859840013023,-0.013039146642676998,0.0048244518503963866,-0.006487751089554257,-0.029239478759321084,0.018361962431557386,0.0033077900792958703,0.009219827440060726,-0.03620478302375798,-0.03956121497441539,0.012680947037816298,-0.0007886635349668952,0.001776944924197238
2025-11-13,-0.004170992761122764,-0.00484934911198655,0.003413503019600131,0.004772507360316131,-0.02074360408556447,-0.01669545163092778,-0.016667078334939453,0.13296011418473802,-0.0030202685420353567,-0.019524742976585432,-0.015477043445896822,-0.001903436960562969,0.001443940431991763,-0.0028290821335396296,-0.03646698722696613,-0.04385058897647595,-0.06755113848965738,-0.0423852861632724,-0.03058703386163506,-0.020627286095403215,-0.008245308880936312
2025-11-14,-0.024002555332014903,-0.047933259554467075,0.023574109713979455,0.02166491475524948,0.000591151779200273,-0.0005018514712717733,-0.006548076163986045,-0.008536334869686581,0.0009069926474588239,-0.054622871136591485,0.013597081155382692,-0.0019802422957864835,-0.0007052580016782483,-0.037120337209794796,0.017558667856868868,0.007268011519279938,0.010804641583733501,0.02397821610527092,0.0004639365735389927,0.0007557492267729736,-0.0057223137238090315
2025-11-17,-0.0047327908648018505,0.0006915941066914226,-0.003000007336277463,-0.0029551689103654664,-0.008364955724894128,-0.009204497894305158,-0.011889530901164354,0.12097172670021585,0.0032183443862534504,-0.02470921467951883,-0.0052866477573552135,-0.018338397301833606,-0.01229936358796035,-0.008370005003862462,-0.01895099914976759,0.0005546535335433728,-0.015988260117057704,-0.013507931327538658,-0.013658993001757701,-0.008577228495181513,0.0024725057483849563
2025-11-18,-0.0017221023533426794,-0.0034627635044004925,0.013759053702352598,0.010690356066389406,-0.012040799992327265,-0.008290709844169318,-0.010757319290721821,0.09823065960309084,-0.00040166000595633875,0.009241173563305538,-0.027366597403304452,-7.47637995860424e-05,-0.0072017599492540055,0.03387430989070521,-0.02848326314424803,-0.006294261462146603,-0.023156555693076657,0.002861396478427912,-0.02081449529729227,-0.012250562852396214,-0.00033683608890673714
2025-11-19,0.004029960569867122,0.0067167409165909105,-0.021635109945549888,-0.021496171840638192,0.005592599098452449,0.00374680773726533,0.001019863279341917,-0.042612472886562745,0.006807517363345193,-0.016082377699808928,-0.013599885055362188,0.004179213098975278,-0.01240751684245367,-0.03650721271743568,0.028054381299452116,0.040067482760203096,-0.01148023825462288,0.022600772106393722,0.018284210620793422,0.005952337323179684,-0.002023050179608183
2025-11-20,-0.0052125591455094164,-0.010748626377484014,-0.005059873201805662,-0.002048976271162809,-0.024075087036903392,-0.01568972611631523,-0.008412357258311097,0.1103354498808654,-0.0006986346146965667,-0.05429914313161118,-0.01613067052469371,-0.008638668653641398,-0.001983810456989164,-0.040159352667523636,-0.03203238704693301,-0.021676747052826392,-0.06026766012243614,-0.06806531764705623,-0.04316441594999312,-0.023956493501141027,0.003930114038715069
2025-11-21,0.004967292782076356,-0.00747108027743647,-0.018430521854432346,-0.013022252926696143,0.0076692983836944605,0.009775103041592069,0.010720992193970259,-0.12010403643720817,0.00019962706136399537,-0.017950490472289502,-0.013276759568626431,0.01948948732721377,0.008619194035210347,-0.012953801842307513,-0.009790873441003703,-0.01927226346493097,-0.005763077237323559,-0.05828977627823687,0.003163308998533729,0.007484769366012803,0.003021338717611631
2025-11-24,0.0037215603622990662,0.00842583599603129,0.013344916077058603,0.012864428291568274,0.02583060045395469,0.015348818899081837,0.004376990956657191,-0.13261722293396586,-0.0003993701689292362,0.036689071996159194,0.003974214213768214,0.016185880529873065,0.031146400736734064,0.025181221447094147,0.020308938810314977,0.10525464766052856,0.04668140974932406,0.007618297402393088,0.039057863957493666,0.025251662702624453,0.005682147548002326
2025-11-25,0.01149319363831883,0.012625007656006288,-0.01524131537526606,-0.014144048275339164,0.005792895230884455,0.009020886000832944,0.014198070594933016,-0.10039134402734166,-0.004804771207528,-0.01057647695675446,0.006288079705412228,0.0037980518798046425,0.03709787293638361,-0.02431874266544283,-0.02625226830148803,0.018532940633881174,0.007980417059672396,-0.01636037777867147,0.002621086967505563,0.0061448600804155625,0.002551977354520215
2025-11-26,0.006261760929431564,0.03817511768473202,0.012007018164936087,0.010349611093964038,0.008698842173746566,0.006882969436149685,0.006656959324414612,-0.07668084812071645,-0.0006022803288050176,0.03572258791333639,0.017683802879553616,0.002091988799439141,-0.004110711157269659,0.01652928158507354,0.013628267270712124,0.03204980786750687,0.013482538566329163,0.039458888919051006,0.02239368662881115,0.008796879302697954,0.004422937360123364
2025-11-28,0.012667816416397979,0.06457865625867037,-0.0017065241030113673,0.0011082039258071702,0.007813105567988827,0.005340487341137372,0.00608137270960434,-0.050099929787937765,-0.001406605188870993,0.0044191393340756715,0.01331982147428266,0.00467286127681409,0.022379882035627328,0.013475802216186683,-0.018250417620476727,0.013466190070892866,0.016037640525662516,-0.014794806822060205,0.013057581089132365,0.008074426929661215,-0.004755306530799759
2025-12-01,0.004965958221290471,0.03433963520547157,0.013065435111999804,-0.0004748373001733858,-0.0036252545309816255,-0.005337548746055966,-0.008990963748885777,0.05300433128459449,-0.0005027950191184382,-0.05189240925415531,-0.010769020544935939,0.0151262172065036,-0.010986900329077046,0.014305033091517828,0.01636254469904524,-0.04279271336277444,-0.005715270948517936,-0.005013703540983742,0.001928411521637201,-0.003364555019057123,-0.012526816108279213
2025-12-02,-0.01250914319860585,-0.007474155376065649,-0.01152946495521809,-0.011463227136073771,0.008369996545684405,0.002454221195936617,0.003907252967845862,-0.03843213855940299,-0.0005031247344953009,0.05662099387030378,0.006675349732992619,0.010855696011275954,0.00967412902271774,0.0020139262116795936,0.008523030609971779,-0.011750147492964205,0.018925379292055174,0.0007959624003820684,0.018164679739202702,0.00779554447802998,0.0004503593590418383
2025-12-03,0.0030288262173034956,-0.0010698557235385034,0.005272592755579819,0.0035165862307886425,0.001981130893927155,0.0029753605210852863,0.008566512337254768,-0.03122385439376344,-0.005146090147679137,0.023558262011831657,-0.025359684307076167,-0.007153684504557431,-0.011657782134738295,-0.05054753220193953,-0.010358750009418166,-0.002519133008454922,0.03108938753779852,0.03243679773704951,0.013650408870242381,0.0024408164053413,0.002810948696128463
2025-12-04,0.0029722651693542806,-0.018716587382344694,0.012139710922112105,0.009370356325492936,-0.0009705294237046193,0.001079738711974404,-0.0006676224935539404,-0.018832960510421614,0.0014152791711311394,-0.014931972865932171,0.006488812662661286,-0.012215789741831256,0.03371233271057631,-0.007143556419947035,0.0209395910779005,0.0011029217357365374,0.010395553153568781,0.03127781118451188,-0.007631222866606554,-0.0009305825236047842,-0.0054039939972579136
2025-12-05,0.00026116008896670296,0.027329095870308698,0.006847687085184139,0.00771599269386263,0.004304414359495958,0.0019347688846794776,0.0021720349929248033,-0.023726659065600814,0.0,-0.030343059975675362,0.004813305577848631,-0.00686355564689062,0.01781382669894645,-0.02929535527015304,-0.005303561955473612,0.02388379050222479,0.02135310453994471,0.015049636451376518,0.007768493913376076,0.004069102724247343,-0.004639369884182321
2025-12-08,-0.006118924040939417,-0.011067170131485166,-0.020175545371656393,-0.01996261323777931,-0.002498113633509881,-0.0034833153316476935,-0.004507443275651871,0.07799398814961006,0.0010096777619507662,0.013914122143271333,0.016137024080980087,-0.003197540392983899,-0.009879057154513964,-0.03502359665675328,0.017067539740813674,0.027448809427169273,-0.0014865192753694882,0.013512433449024435,0.011269251260677082,-0.0019203914721323337,-0.003294637084907976
2025-12-09,0.0046462393338665645,0.04053187197222852,-0.010757400115354736,-0.008840418427010924,0.0015884176427806195,-0.0008767431610132386,-0.003757233881367295,0.016076586591024407,0.0013111280624961959,0.022381192698197744,0.002034460923044121,-0.0025582223487182498,-0.014866982266891768,-0.0008268923577584577,-0.0031307726339145528,0.012856431593113771,0.001926573369759536,0.004478980226721541,0.0012202680541825617,0.001232604122794925,0.0010236326162222482
2025-12-10,-0.002451547168984526,0.003484140940118092,0.0035986515765415294,0.004349591436459808,0.0041889352733609254,0.006726880659139976,0.010405263079852647,-0.07097778416833754,-0.004343224852105771,-0.007262832846635849,-0.027737782748785963,0.005755762741702212,-0.010450802207778402,-0.04224046851842553,-0.006454273212194532,0.016307769299341426,0.03283598488459314,0.006658601825678502,0.013726545546598086,0.00408737478017622,0.0038576179608254013
2025-12-11,0.021010239753042382,0.057131716759903195,-0.014820202811459567,-0.015062238297959723,-0.003487937593256026,0.00207719198371703,0.013357990117849251,-0.060109539065541076,-0.0044638650035066525,0.0053149701081481185,0.010207698642583593,-0.0026938721785778564,0.0039606640034290826,0.014775400353610975,-0.015629252452978915,-0.016110881728483087,-0.0019710240978717828,-0.1146657559573684,-0.008617618283257258,-0.003239647790837473,-0.0013597875991552847
2025-12-12,0.003401069596484952,-0.04098236281946611,-0.002781640379193324,-0.002614378129687933,-0.019258694825942443,-0.010720913458554537,-0.005062911522577755,0.05820533751093889,0.0005082902448220087,-0.024521421452147512,-0.010270345009627218,0.0008986907156853279,-0.013077182721385533,0.011623187813603025,-0.03320988405610645,-0.12135455994667561,-0.021396014150487613,-0.04568466436708051,-0.046269701215273906,-0.019303469072931075,-0.009685093013718428
2025-12-15,0.001533693992035725,0.025391126722667915,-0.010852529776578733,-0.009204495576828517,-0.0051512503491354346,-0.0015978388918367072,-0.000856616409705539,0.047155152458690654,-0.002543883296239742,-0.043593166975371425,-0.007783100806013461,-0.015098298686657966,0.0058937104921780725,-0.015029980279052533,0.007229997969270962,-0.057522878048171536,-0.0017447652745755196,-0.02694291400644512,-0.003451112020196024,-0.005032000654318463,0.0006866970847002301
2025-12-16,-0.0005110078294488002,-0.0038204100102420964,-0.027658096927631208,-0.02745407128826342,0.0026163221493929346,-0.00238676400843967,-0.006263240325395024,-0.0012128842021314815,0.0,0.016345736935078115,0.0033010826256549314,0.0018224664254049999,0.014778097473989466,0.00849535816855895,0.008078971499177832,0.004375211860429723,0.024259949877483245,0.019970127037419853,-0.002724050106864517,0.001979871129127266,0.005476932951125759
2025-12-17,0.009939980130428714,0.054877752017617534,0.012049389096967787,0.01281640049157498,-0.019499401569726668,-0.01165985661137129,-0.0047561010630252,0.06688717143322019,0.0022389711767302712,-0.019544833040854463,-0.0005669788742274988,-0.010138247658845124,-0.01170952424528397,0.002323630322992605,-0.038896680515676234,-0.04580315222787118,-0.057324518603362865,-0.0555288730849129,-0.03675291126530383,-0.018710966371063256,-0.0009106378852100105
2025-12-18,-0.0018418331441386099,-0.025148603302118783,0.0037470451350424486,0.002343087091193699,0.01497037749029811,0.007902951520479156,0.0013748814959138765,-0.04349772183265853,0.0006097312959568807,-0.007939728497768105,0.016373686322175084,0.001286746577224654,0.02275676986020218,-0.008369145853426522,0.018546980913234357,0.011770254615866354,0.04629185771937591,0.00875892400649161,0.023337204468952495,0.01438610949454393,0.004772199033008939
2025-12-19,0.005033950243312225,0.034285916174315596,0.009041783349827094,0.01080734637180837,0.012977725500438325,0.008779407421828872,0.003809875946176374,-0.12350482776224771,0.001725607391589653,0.030433154968407768,0.00400041265745044,0.005422681951884745,-0.008585123537063052,0.004140346600575626,0.03858231680305103,0.03127480935713016,0.0405785605449759,0.064215724624619,0.02553161887078639,0.012951286785452345,-0.0037393766739547704
2025-12-22,0.018896813791643464,0.01574784514116291,0.023546888834552214,0.02611538103687975,0.004547315605253088,0.006415870575561936,0.004721144477840452,-0.05727677323142513,-0.0031489442400540555,0.004378798230188436,-0.002060026788581246,-0.009914939859583293,0.004135518182982515,-0.012365534554967321,0.014807718486955977,0.005109125624358957,0.0030978486348982063,0.032845271458510884,0.012800544463926321,0.004781971862048902,-0.002172598550596688
2025-12-23,0.008557909489307347,0.03727556004425465,0.006358003178000216,0.004981952793454131,0.004941519256841797,0.004540067046788208,0.0016472374935455126,-0.005698015696033632,-0.003567230691348714,-0.012234274952953525,0.00397214761063837,0.005116600880012278,0.0051867587485830875,0.0028918419790292128,0.029608033317785238,0.022787122009458125,0.0007730239494348595,-0.015442861962548383,0.009573133949288923,0.0046723786427916355,0.0016012400781422144
2025-12-24,-0.0004908198003828014,0.007716446667799441,-0.0005140511397665496,-0.0022468214645863815,0.002666473304972818,0.003216304344700708,0.005942991472637948,-0.03859231936902124,0.00040833927010335686,0.002262076104062497,0.002400221534646221,0.005309660095674185,0.003917514146959631,0.0014961998100042604,-0.0031762233994321078,0.002573080147377385,0.00020599168663359,0.010946413180649199,0.002777309862413639,0.0029213225081327495,0.006038899913425882
2025-12-26,0.010766277995574931,0.07399134179679479,-0.027979873619687227,-0.026043175568838114,-0.00045846556773741917,-0.00030440987710828846,-0.0004144286822472654,0.00960481054501314,0.000408094762120937,-0.003550689574303635,-0.0006353561311843441,-0.0014984030103084444,-0.006401981304311324,0.008824700597992863,0.010128284734973564,0.005438908824913016,-0.0285225738574991,0.0025285847512639477,0.004629878074801981,-6.415738798761732e-05,-0.003299830042163031
2025-12-29,-0.04608798173882948,-0.09067169778776503,0.023341943080538913,0.02121142110479338,-0.004644534107122864,-0.003498162923937312,-0.005125700925886697,0.04317213038393171,0.00020406276425030386,-0.0018721567577940656,-0.0012515348656507654,0.0013159300206065142,-0.006959292794560984,-0.0033930653925848377,-0.012198192178212625,-0.007811616088977597,-0.024297980192114942,-0.013270202850051425,-0.004520105628782242,-0.004852314296638911,0.0037541561107688522
2025-12-30,0.010350630404542907,0.10221479339062806,-0.0022408190917251633,-0.00032295266357063333,-0.002471165075650055,-0.0013766142506534472,-0.0019595603711609765,0.009113285340826614,0.002037874655599212,0.01471809780879094,0.0007798461292190305,-0.0024872503984942067,0.010961570601277672,-0.003937670665281337,-0.0036193198928964683,0.0013156508033209805,-0.018300858350730913,0.009322819080339008,-0.002474143306509664,-0.0023220939779831596,-0.0023873852471540348
2025-12-31,-0.010235032825325435,-0.09824307780431558,-0.009187940147117662,-0.01743140535270956,-0.008388959794965385,-0.007384867434248815,-0.006300309880635633,0.0423560505625017,0.00040709257849640764,-0.010473099349299821,-0.007949807912633325,-0.004477472540670465,-0.00883839332861324,-0.00021325203204188765,-0.00556096519082302,-0.01077667247116523,-0.017234573492504422,-0.011731302217289897,-0.008791366654677337,-0.008299970275916396,-0.007999099966550289
2026-01-02,-0.0025926392560806856,0.005998981143650036,-0.001743045168221482,-0.0016447121368073046,-0.0017313969202276645,0.0018929140261155547,0.006617252902061651,-0.029873204408338686,0.0014234816010223847,0.027455303790744772,-0.022330964886835367,-0.003131377948914837,-0.014773307846019212,-0.02998876172177114,0.012521892750037324,0.00438208175036389,-0.05724776639259365,0.004096169600291403,0.035917262285399175,-0.001938970842216345,-0.0014926166547595745
2026-01-05,0.027997669976117596,0.07648221205609913,0.017295484831722364,0.016488796318615113,0.0077123507615748585,0.006334024511051582,0.012218551507423103,0.026523104679246158,-0.0015252586193083848,0.042849597956119596,-0.00019031417583016398,-0.01393373781601678,0.01280193567963011,0.0051521213288106835,-0.003872991969811118,-0.012155607764146667,0.03615481698514671,-0.01607051578282086,0.011426587950963418,0.007911541355641635,0.0049286783835907864
2026-01-06,0.010158128512449065,0.05574084130399784,-0.020615691035027604,-0.017312167904801525,0.009341204619840787,0.0061775920038938375,0.009851808520579045,-0.0101181045635892,0.003149661637507837,-0.00163660971149983,0.01189892113605505,-0.018504424048275635,0.0027739623294907832,-0.008895754186268803,-0.004688805860122811,0.0010185706661301121,0.03205935862747934,0.006005135724503205,0.026216524504519695,0.008748164882668597,-0.002060202117722047
2026-01-07,-0.007367304357957669,-0.043072609490488835,-0.020156258093818158,-0.012266052669043024,0.0005532639687302437,-0.0034458535710101927,-0.009466020844301969,0.04182488873256102,0.001013874902202199,-0.026168967250151644,0.010312111434744248,-0.007767586346101093,-0.018223851620838477,0.0008821461471938105,0.009937556278234288,-0.0007857317086543173,0.010902379580078158,-0.004707877621109209,-0.00673021321965231,0.0009620661677244327,0.005826265560025546
2026-01-08,8.998553214307117e-05,-0.03186285611540196,0.031123332186466183,0.03329545082481151,-0.005738792601448273,7.654532942294603e-05,0.005496151401089698,0.004541019480065979,0.0025302376661600922,-0.003081466892755565,-0.011148447616020766,-0.004967528026699398,-0.004062560420501661,-0.0022068261773083102,-0.021756872784011613,-0.03260736186638524,-0.026888394884828023,-0.016680564697855223,-0.015811790225372685,-0.005705266499539128,-0.005024635690770175
2026-01-09,0.009082749101682023,0.05428414794887768,0.023272793047802182,0.0215439347292828,0.010109045571834372,0.006454611138321038,0.004818486686240303,-0.06415025046171281,0.002019559918039706,-0.005662930149506993,0.0024441728912703835,0.0012730781005779077,0.010776640280624555,-0.011889686232613982,-0.0009732270826363764,0.03687769567527379,0.0035558376507687952,0.048349572265436146,0.02666127735862862,0.009910954224034624,0.006617950618553972
2026-01-12,0.025071135876622564,0.07007401715803904,0.006407053978539629,0.0083327073307053,0.0008302139541134227,0.0015763900591805138,0.001738323080555042,0.04255962264580009,-0.0027273782852244126,0.007483445204275835,-0.004391217865887232,0.0033870509285561217,-0.01712751813486019,-0.0005590140649358909,0.00043270820192001583,0.020770158145872207,0.010759409593849318,0.030557879616229862,0.0036928862616861296,0.0008294699866321966,-0.002961264923044156
2026-01-13,-0.003284847544970745,0.014863556993312911,0.027353574534645247,0.024742290248000683,-0.0017741624687089017,-0.0019410055882070072,-0.0080624473835436,0.05531954850954804,0.002727378285224404,0.044280285031478225,-0.013736507182654508,0.003069277518178039,-0.017092953517602805,0.01012634275674175,0.004693209374154674,0.00679095575319548,-0.002511355145355948,-0.011745480621237536,0.0022245118787834394,-0.0014839587378681312,0.0017095125276311268
2026-01-14,0.008051610829708839,0.05650291804211882,0.014127033966977518,0.015910562761470213,-0.010780074933897797,-0.005347633584135448,-0.000861474090647604,0.047060346578984245,0.0,0.016723797821879046,-0.02427942109519256,-0.004184200562639289,-0.024981076807205096,-0.01979151777006806,-0.0144737618783219,-0.04239644649398447,-0.003134168764517993,-0.043856436690902056,-0.008155127147579905,-0.01074028346788367,0.005790632279246157
2026-01-15,-0.002163894212595402,0.011020890663073043,-0.04670433555197605,-0.042376595702500956,0.0031807936113099015,0.002576603920444464,0.005939896788819981,-0.055859862251721834,0.0019148652293783496,-0.014320038274756287,-0.005938635536979807,-0.006754488045120549,0.008541478758855062,-0.005662529090922263,0.02112502378995899,0.009166616212837172,-0.007483009951843702,-0.01961156127698439,0.020542027837023854,0.003592992343913918,-0.00022646857994887794
2026-01-16,-0.0060621179774391735,-0.04206942596458179,0.004214791804453334,0.005786222175223866,-0.0006974090569799763,-0.0006425086684515026,-0.0016824253502552304,0.0012617985402639538,0.000704541271624515,-0.00027287855188963723,0.0069829161120922465,-0.0104334609449757,-0.0008862979254733003,-0.0005680551233812557,-0.00439348755272313,0.025018232511708306,-0.03511552569907419,0.006510250301839815,0.009990070270418558,-0.0008366633443358198,-0.005791770552334975
2026-01-20,0.036632293474919336,0.06711347754309907,0.015027858954032521,0.012243484109182858,-0.02144672241590311,-0.020842460953261224,-0.017798258462716137,0.23642199186244148,-0.007574646170517677,-0.07852560653253432,-0.011680223052395683,-0.03516675157780259,-0.02634978374353773,-0.00844462230153222,-0.04480562773387968,-0.05586634641931567,-0.014315882037769732,-0.06023227111675618,-0.025292831710283098,-0.02147616707395802,-0.013184493471258975
2026-01-21,0.015055377008505682,-0.021415312804807362,0.004629617750091477,0.004917030567025608,0.01347592648756041,0.01152111763356032,0.012066680021835334,-0.17290858706520473,0.0012158334390808274,0.011999327760148783,-0.023169670533137062,0.0038434513252299496,0.014526860894214427,-0.022014578032853435,0.029056537657964503,-0.01149101990886175,-0.01917028060628477,-0.034146836610293774,0.029131648901539887,0.013427856545581478,0.007587830263993941
2026-01-22,0.015810444337397162,0.04002956396827427,-0.021004244868480324,-0.018252638938862076,0.007543345689254141,0.0054725007079021405,0.006231533056619085,-0.07748184228810683,-0.004058462554227607,0.0009560777691027553,0.015705520178247077,0.002822574664753265,0.05501982886134703,-0.021552044115642193,0.008257212491436692,-0.010117921445480035,0.003441672767664404,0.02442878294922394,0.0022119043462079054,0.007243139361411499,0.004342967838235257
2026-01-23,0.013637113842028292,0.050279558386278456,0.028400133096568393,0.028014757548990164,0.0034082420895580577,0.0003268164274822459,-0.005793941752984231,0.02836621341894342,-0.007756745768232539,0.00046290133092210693,0.032300585451473816,-0.0012490498169329728,0.01703974120634944,0.030416134360482395,0.015194520290977908,-0.016854433229282473,0.022057598939443184,-0.005740904606679096,-0.0068003175810320724,0.0031524261001239506,0.002733054617480649
2026-01-26,0.02058565637353524,0.13124985761761132,-0.007230904537314283,-0.004411674146464803,0.004198876090497964,0.00499359426016032,0.006368592582630188,0.003722055560557878,-0.005754203714711162,-0.013914015434039377,0.009249904782276927,0.029280156810427234,0.020434559636027163,-0.004888914394703592,-0.006414700713591816,0.014886289575512315,-0.012638521310039912,0.029368093368167363,-0.003179306999796083,0.004390436003521979,0.00476520919993666
2026-01-27,3.931395514705028e-05,-0.08669859108884624,0.02861515863927036,0.02974090357535081,0.008771260656746155,0.004073587840441241,-0.008311482505214917,0.012307894626495038,-0.008486025112438676,0.00942027656458104,0.02166550821931283,0.01113537016267108,0.0009068689171638871,-0.001401157609461954,0.010933722693939045,0.024148189009555284,-0.0106253320203227,-0.042207089124434445,0.020917041835886344,0.009024455902564647,-0.006244568448387313
2026-01-28,0.04271712307880896,0.06944067448945235,0.01305750566045477,0.012208753889031485,0.003196491778278884,-8.172639170147053e-05,0.00024875595252570206,0.0,0.0023874587530184044,0.0009198645005418251,0.0021824219748765978,-0.007110802091642614,-0.006320385450185619,-0.011044671485654096,0.015788100555001735,0.001351223363757716,-0.05170624371531183,-0.012079473065219485,0.022771301993636615,0.0033060073594277984,-0.002280697160249842
2026-01-29,0.0031638076649501356,0.008153341623586855,0.03436549212071179,0.03321414573183764,-0.005336019039631548,-0.0012934674424623016,0.001140965590833261,0.0319015187754475,-0.0017641074747170135,-0.053227949504083015,-0.10528434928615048,0.00714951195007178,0.09898344529684366,-0.017640453872120793,0.005155890394303416,-0.007560571539228339,-0.035513614495577286,-0.022176975196502018,0.0021338715460684442,-0.006003249689694161,0.00022848137051226502
2026-01-30,-0.1206569177115754,-0.37610308700481104,-0.0032151767555849923,-0.00028283794885322443,-0.012905758672935058,-0.0043111794144580756,-0.003656240930746665,0.03263700965321155,0.00734725814399296,-0.005132847429550004,-0.007432400683403792,0.004635516244257892,-0.02998551312122757,0.003960331592525699,-0.007194235238293908,0.0017219156445513317,-0.03531949848430732,-0.02656110886955459,-0.034255091994760574,-0.012083575006611,-0.005608192861340359
2026-02-02,-0.0195798858862585,-0.0195017534205199,-0.04822292322273334,-0.0641142114983147,0.0072612960644152106,0.005376785277364613,0.010482104737286925,-0.0651503503332419,0.0063720950596490725,-0.06684685326137589,-0.01621288172015588,0.03977922983061694,-0.014182515722001115,-0.008781959929549539,-0.02930620592319385,-0.0005736732877985165,0.00794974939477146,-0.02784805502359458,0.011116316254017648,0.006842961889822125,-0.0028611637686752813
2026-02-03,0.05905437776175919,0.0784283625076356,0.017072607857606444,0.01541598653107164,-0.01566249473165033,-0.008439495590663714,-0.0033791042499413003,0.09675565912600367,-0.0017431244227656569,-0.03960046937497693,-0.029142520112481862,-0.0019647246882501424,-0.02104342956467389,-0.034668494866036126,-0.028803742914224988,-0.03309897153337156,0.06624598300728697,-0.034254870617226325,-0.025546001912067278,-0.01548326498855792,0.002423357309436121
2026-02-04,0.0033997461243729043,0.013432667047822297,0.030076288477937793,0.031145104382869583,-0.017813736382578205,-0.005085300155013826,0.005272575823990727,0.03493801861709743,0.0018455895773753915,-0.035170615941758965,0.007220868463188697,0.025680287047938025,-0.03338319233209907,0.002748299197890326,-0.034697178882302095,-0.039089539659254546,-0.1234840313252062,-0.05310872733236704,-0.04017470887057642,-0.017623356952960516,-0.002538965808006332
2026-02-05,-0.012063365980342067,-0.09510942355652635,-0.028811437225438243,-0.027882924551317922,-0.013857473708174995,-0.01232667785383289,-0.012043269504743891,0.15522311976046393,0.002046633396997335,-0.1523344080304475,-0.0508118658368591,-0.0020997961220096443,0.0018220401776812226,0.008818278049107975,-0.013350120861006402,0.007954044954635982,-0.07073992207458692,-0.0720070229137034,-0.002489829993256005,-0.014499938316045265,0.01080344259918739
2026-02-06,0.018303568705588632,0.0026881903887896004,0.00409963237731521,0.007374664359321896,0.02124355250869515,0.019504344282200718,0.024378092917911955,-0.06646962483553287,-0.0019442568864246413,0.118003181433477,0.018797518997179397,0.00797784107081465,-0.013141640887857233,0.0163123038654673,0.07577303508317983,0.0696861395849496,0.044307947923063924,0.04540710634559345,0.05259794291849933,0.020917587180192602,0.0006856479677048413
2026-02-09,0.01993641500519393,0.0671537103524874,0.012665345977459917,0.01444328609270671,0.007642315800978963,0.004680117860123293,0.0004029707359144137,-0.15989452704748955,-0.008331213745460569,-0.006178882349973047,0.030588820346685523,-0.011729000497211482,0.02354658377865837,-0.008920395630107958,0.024664902387306904,0.03256496007927418,0.0502958108737051,0.09204573563624387,0.012371802179807776,0.007630950352336267,-0.0002285265862318315
2026-02-10,-0.009368841148208894,-0.022763688428083004,-0.006234457955889157,-0.0034822707397552475,-0.005575878001365866,-0.0033091822845107053,0.0010420144705942122,0.024467808750071016,-0.0002065555506026158,-0.01910323758989731,-0.0007982280148395168,-0.003428831498793266,-0.009644430908518596,0.009042068721576509,-0.007924370677356948,-0.010228331769266618,-0.02407884321366911,0.020855145641248896,-0.004658526615013372,-0.0046501109914586225,0.011474193370642672
2026-02-11,0.013458784179660236,0.04313594701844096,0.010420783126096593,0.008683100203244299,0.002925523608127308,-4.89572699497733e-05,-0.0013307248338065454,-0.007900791374484802,0.00030985672447881836,-0.026543221212374526,-0.021770891178542195,0.006628103245317512,-0.0030310903563182784,-0.032011585959292,0.007977105419925957,0.006791628790467436,-0.027837125843291843,-0.017221627418704994,0.02445393325370441,0.0026784787459514154,-0.0053231120425571415
2026-02-12,-0.02959604886955879,-0.10314219378519979,-0.028086840962171712,-0.027463088929404262,-0.020592510936015617,-0.01578494138611745,-0.013445924233424127,0.16517828676271432,0.0010321891194974397,-0.01156236827483507,-0.006276264375390111,-0.05127407257936166,-0.028640533025796805,-0.04837580776178695,-0.01649951126645964,-0.034398642561360146,-0.049479431390313494,-0.004336249247622415,-0.021124233446533885,-0.020548592694657492,0.013199048647214339
2026-02-13,0.01976794067778529,0.03005500601795586,0.0007953430347292803,0.0034006591897283015,0.0018260135980458503,0.0004989646444475858,0.00098934377301969,-0.010622954215521119,-0.0005160007584456148,0.03903376935715579,-0.001294823159871587,-0.022995839415095466,-0.01557130911102629,0.013226174784744665,-0.022340433476236748,-0.01828376802741332,0.01750254785164695,0.023120232773988288,0.003956644498504796,0.002128781517703512,0.00547629729632744
2026-02-17,-0.028088975078812035,-0.058232678195794293,-0.00894427865280796,-0.004882777112820479,-0.0012594835791661135,0.0010307906306565179,0.0006515273631941325,-0.015162895353664012,0.0028860709310192215,-0.020002197823066673,-0.011175591191809244,0.03117681438621338,-0.0007505901530488688,0.0016897027624235893,0.011746344619703246,0.022412065543798307,0.012177290451851317,-0.03929067653544256,-0.000515171072930431,-0.0010306404626511953,0.0016705012153133214
2026-02-18,0.020994975203204404,0.053830054736415583,0.044863240189533624,0.042541079223587054,0.007954383350012546,0.005550636821134019,0.002610367701421565,-0.03357870204821983,0.005542385987225995,-0.015963632260214883,0.006880453544403101,0.0017795532383034164,0.00612862288323798,0.012775164097640738,0.016141838338721674,0.0029126572972944195,0.01758615017270804,0.014187439154985477,0.012291884739879641,0.007439462389368636,-0.0037904545123119394
2026-02-19,-0.0021280217137131566,0.000722232694612371,0.018842645884022652,0.01845000111018413,-0.004086003347382072,-0.0028261153915347848,-0.005400899179838326,0.030617131640092433,0.002351413036237314,0.007980125994704771,-0.0005770287920214309,-0.014364224365880748,0.0024224396158071897,-0.01277516409764069,-0.0004256277036358056,0.0014381370237003105,-0.003626048191140483,0.002366320301668377,-0.005712505564125075,-0.0038370609600061343,0.0010046758772893675
2026-02-20,0.016621856057854087,0.05904816413025689,-0.0006023327334532596,0.0013944845388772942,0.008644080089102203,0.006915755702175204,0.004661813378686698,-0.05800198282095596,-0.00132833260412881,0.015528995656632263,-0.0030916176909677397,0.015233823534795543,0.01673314775034796,0.021456443212334277,0.010166442233303357,-0.004020147687741474,0.0025913915008003337,-0.05555881200590835,0.011705928436338539,0.008809965222619162,-0.002345844652047243
2026-02-23,0.028334005840505903,0.05024581475846893,-0.0012057549749366833,-0.003769697622406644,-0.012215363806476542,-0.01043995947145646,-0.016700782921837385,0.09583388002012065,-0.0010230804321085239,-0.0511139517062893,-0.03264977069912112,0.00602904668779855,-0.028480278996897465,-0.034265445663474656,0.009072522939621767,-0.006968401231050527,-0.03491175488082659,-0.04679665990547988,-0.005193798166650604,-0.012229443391437474,0.0036840456310005686
2026-02-24,-0.009439844361431814,0.01073694749555926,-0.010307811926564714,-0.010122415243954897,0.010791866010650174,0.007622488962383376,0.0075617191496995285,-0.0720232783445184,0.0018406827010329107,-0.00834051043874472,0.011713641833520843,0.022144036649487702,0.003211739659873585,0.026225108083880806,0.006763891796129693,-0.014790770341729412,-0.013567967537453783,0.03360898898703923,0.015095711676824053,0.010684210886763053,0.0017813432910775819
2026-02-25,0.009766362602618253,0.03904173258606675,-0.0032048725151217657,0.0011298099466601236,0.013994561212811374,0.0081034339701294,0.006236770447738472,-0.08649994276889614,-0.001840682701032965,0.05878816281087323,0.029384055394936336,0.007650520846136862,0.022259398191543326,0.05799803764167521,0.013954458115647371,0.02073662698512956,0.040685428267220256,0.011903705322096239,0.016562153858494594,0.0143891812415329,0.000111115619016714
2026-02-26,-0.0057594670615880765,-0.0443038424494124,-0.0032151767555849923,-0.001412408076589853,-0.011701880190730726,-0.005380026995566101,0.00034452514180495795,0.038297834928636115,0.0009208038736310302,-0.007478610812400483,0.002791917205408831,-0.0046786052410885525,0.005066066754975841,0.02259644789536066,-0.05610616371498543,-0.032448861502949684,0.01295690557141294,0.016231060830604518,-0.03376722659998914,-0.012137927053256963,0.003995993598488795
2026-02-27,0.010377723577647786,0.0632891278862492,0.027378214855194663,0.024158171526684702,-0.0029735378641315563,-0.004348795128037643,-0.010586869452721647,0.06393454978365512,-0.0018423782465261309,-0.023580345399758597,-0.02260753692228252,-0.032657957379533524,-0.01353090061821977,0.12902903644605476,-0.04253841115102456,-0.006705704610296404,0.009153214255944883,-0.03321128337067626,-0.013783581975824044,-0.003205885921664653,0.00607442443972624
2026-03-02,0.012142763938335153,-0.0486154183765808,0.06092309289771936,0.07005918989487765,0.001303656917918798,0.0003982754131349892,-0.0014944548174003391,0.07655067176227164,0.007857550009264892,0.04299050868799898,0.01468509769894799,0.002041924719824955,0.008265952216700718,0.008793296193829804,0.029417965049183585,-0.0022870216039872246,0.0565386127262847,0.026134246266875355,4.926308138557755e-05,0.0013164916975326058,-0.010092898574141805
2026-03-03,-0.0359591903930027,-0.06264642761396048,0.04569001251480495,0.046005393809026095,-0.010963893431333294,-0.009488908731312503,-0.008285194271760872,0.09471634288839889,0.006787300505735298,-0.007035921401254354,0.013408647831676312,-0.0036708976244395467,0.0023230815822997738,0.006263182149385641,-0.013406031910892074,-0.015743373646291924,0.014022618062092007,-0.0016093450194058373,-0.038452331052508414,-0.01076331700950698,-0.00201064831542531
2026-03-04,0.0025030895869677847,-0.003503268780937199,0.0013403849037710832,0.0,0.015000137159987192,0.00772612574014956,0.004897972779512609,-0.1083348165445105,-0.002830923022180618,0.06267011054362281,0.003139220615922468,-0.004674468498819032,0.019126414362665836,0.009778105111342597,0.01647012436394315,0.011688921847331482,0.03975092203946367,0.02229829916545049,0.020351032692805852,0.01512817415472587,-0.0031358579253436126
2026-03-05,-0.01078021153640931,-0.011514328486069848,0.08162810767543585,0.048087941080941526,-0.002924111110690787,-0.005662707772703004,-0.016230332707856558,0.115942643024757,0.0055530766346594575,-0.026047184090688055,0.013433508696627289,-0.008530831338801404,-0.01078070158241622,0.005155897810164323,0.0016375736151613366,0.0468792651330922,-0.003400279686412208,0.015757573996569373,-0.00944056339269208,-0.0030173773994566925,-0.004046333293141709
2026-03-06,0.015825837818907902,0.02572911548343984,0.11518738775742002,0.08179738539234233,-0.015198220971588332,-0.013365720432496335,-0.009495255040596305,0.21646868458519744,-0.003328144215863656,-0.03892676222985379,-0.004196959457124567,-0.01093213459894777,-0.024069910414999507,-0.0015137147025320707,-0.03057037870423802,-0.006905358578069833,0.02898570071674436,-0.011892764241334376,-0.038127618246467945,-0.01515752803457713,-0.003723562564295084
2026-03-09,-0.010666682586894306,0.0025737084547117705,0.04169285009042199,0.06545510060552413,0.013071288999797726,0.008269871665388671,0.005024036036825183,-0.1453727629014671,0.0019175707865264793,0.0038947290448369263,0.001099767241845775,0.009355669414157603,0.003915650339463678,-0.0070943538778291204,0.026799842059778225,0.045169832434482374,-0.004655839239433441,-0.009194956626422425,0.0356456968366515,0.013267209227262903,0.00866695800033031
2026-03-10,0.02678146977213648,0.05837087039100905,-0.12720525452225404,-0.1196541834336115,-0.000431830676507744,-0.002137402505887721,-0.0007184919737805414,-0.022606542387607058,-0.0035351632225681076,0.022043063053682945,-0.00895519345973096,0.003648874557014285,0.010265531681147333,-0.014135206551931585,0.011540049870070287,-0.009210841989979922,-0.03440202319836108,-0.01435430590487598,0.007477593319954615,1.6490562873494887e-05,-0.010703946603802196
2026-03-11,-0.01198431063117268,-0.04615282263613243,0.044529947544589055,0.04650966320898771,0.0003420997335455706,-0.0008379521856348736,-0.006081404147950686,-0.02848039384077295,0.004039200840566423,0.003967140831024369,-0.002171161078240015,-7.670972662595488e-05,0.0012070660933169112,-0.021373936048478384,0.006850279863628475,-0.0029525353416608386,0.0030389579146731117,0.08785881076676172,0.009269098566547264,-0.00013163042399331792,-0.012997390713576126
2026-03-12,-0.010035890037833716,-0.004654372806172859,0.09275420294240794,0.08818843060042697,-0.017432440576724512,-0.015344808189494536,-0.015716716886375045,0.11892885233233508,0.0051263569440097275,0.004102088510358853,-0.007486996517855703,-0.0195526595655038,-0.02580106455302112,-0.006131116884707675,-0.015657017582739324,-0.016530704627089363,0.01245505355832416,-0.024576016357381915,-0.03269588679909656,-0.017312361562994344,-0.0019528528834383907
2026-03-13,-0.012450581437074204,-0.04537444568017897,0.030654485129932216,0.026327653496566496,-0.0062497091414265285,-0.006077546398501344,-0.0025608663521453313,-0.0036710899822637658,0.006196948879858502,0.006712861238543366,-0.015826551578986114,-0.02229865363447962,-0.039097917939173894,0.010547508665349805,-0.01590614903148685,-0.04197357079372223,-0.016751931091415283,-0.025775538023628388,-0.002063339445473793,-0.005944771534227172,-0.004956496651108137
2026-03-16,-0.011645978438057513,-0.008078131604690005,-0.054224812860235304,-0.028819307770963223,0.01120041814287365,0.010079909746818997,0.008297826524691035,-0.14542340599858364,-0.00649776392104277,0.053401394520661075,0.011062368643045354,0.010737011185857437,0.022997325133886838,-0.0011548015930686177,0.01634289655954095,0.00853074153115335,0.011657551474735257,0.005529158307300528,0.01687086889624375,0.011154958148102998,0.007712222922190966
2026-03-17,0.0014007005791852262,-0.009174455123458344,0.028571856562604855,0.03153037432889072,0.005060318507352276,0.002491149384952951,0.0009974820105184768,-0.04970505926942895,-0.0013046040569885684,-0.012617278563279094,-0.0013511210133194,0.005561553592463054,-0.007663425716287733,-0.00886264873323595,-0.007065700712188807,-0.011172716840461368,0.015334937199318636,-0.008240555048840402,0.007486103212234399,0.0048684067726689805,0.002748241369351606
2026-03-18,-0.022466059027850406,-0.029242743148298937,0.001142685534911508,0.037575570153229904,-0.014442945783033186,-0.013700999383730839,-0.01648023528248598,0.11474855344189373,0.005108385040950413,-0.03688417423341743,-0.019262435829129988,-0.017018440434935896,-0.011273244153874096,0.0035967069586971237,-0.008445360648967679,-0.016885738312761096,-0.015007574265636637,-0.011639086237892957,-0.008120951292763526,-0.014037742391865471,-0.005618991516003174
2026-03-19,-0.0609633251253208,-0.08559290256097903,-0.0018705222749135695,0.011757801330152412,-0.002862241338664387,-0.002752582623899739,-0.004416837682810223,-0.041918678110328615,-0.008629322886787194,-0.01888416104762736,-0.007095289098823652,-0.003928637969992818,-0.014692881072515016,-0.031755502083178906,-0.010251940462499028,0.012300231930706828,0.018869021046813997,0.016990355816701,0.003170217741374335,-0.0031652882952852507,0.006076254226952612
2026-03-20,-0.006607801222592188,-0.02198830663875218,0.022422006036631845,0.03206216357180363,-0.018947568506371498,-0.015253934307770224,-0.009693662730544566,0.10710467755363762,0.004223640215210761,0.008684431647448684,-0.01855045253982266,-0.0039038546496206693,-0.021727735393514788,0.0008716696141233494,-0.03336870520646045,-0.029604718715548765,-0.03264423717499834,-0.03827474178512131,-0.026115490648764925,-0.018654642096117186,-0.01915587208568702
2026-03-23,-0.037064759654085296,-0.004493891628405335,-0.10941449620742738,-0.11562385397344825,0.012079961485304318,0.0113881090950741,0.013749599516288085,-0.02380618998008231,-0.007049420764024754,0.005546967317594557,0.0029547673243715392,0.014014812591042392,0.01736680703271847,0.01684702463238727,0.016880501264273443,0.040013540005053604,0.06525172504435545,0.030658295885854205,0.017060058973600394,0.011413586288488877,0.006503255600832603
2026-03-24,-0.001090554444362892,0.0032532357356046945,0.04677272417601841,0.04452132225688777,-0.007725151992079127,-0.0037495954593205535,-0.0018283953053989687,0.030134149741268167,0.004839240854073393,-0.005613991531695598,-0.027153937768180758,0.0005962460475602484,-0.018614072885358053,-0.026697181284675055,-0.0025083307357880963,-0.013171230048530018,-0.03840531330480979,-0.048113284579207244,0.00821942679876637,-0.006860245677236822,-0.004408272385390047
2026-03-25,0.03363784006254085,0.043597795685774,-0.022226773659888763,-0.02196398731961208,0.006665853308325676,0.005404493759949214,0.006600088414789132,-0.061993864662863,0.001708267209248284,0.011168924480813245,-0.004571152690792659,0.0038868788463975487,0.0033170853060573743,0.014847441232143177,0.019668337891847958,0.0016323626562681534,0.0011623164695776995,-0.0073009974459864995,0.011164271545637304,0.006554088823184412,0.009603759571659045
2026-03-26,-0.03906243403134702,-0.06700978850855925,0.045029290957154605,0.055096469926409014,-0.02412643045477647,-0.017559440961209507,-0.010160947911102475,0.08001236131884105,0.0030075516580878097,-0.03595291880741613,-0.013758534009891197,0.0010682625170895263,-0.0829410608756225,0.011207023805721111,-0.0425303080215932,-0.02989568570745395,-0.04893220624189452,-0.02222858849222518,-0.04663218361202106,-0.02415735361822153,-0.00844178363720817
2026-03-27,0.026277237882447974,0.027316306173566753,0.05317547684867919,0.041351412447262884,-0.019445092076250094,-0.01686323194605131,-0.01741505768128032,0.12359696148774316,0.0024993764191914153,-0.03631346968520713,-0.02546012506735926,-0.016305280196262602,-0.04066678236624677,0.0011780521882001416,-0.021963413780231762,-0.02865306873696847,-0.030970750568671213,-0.022304188718278575,-0.01745530650187903,-0.019730060860553386,-0.005473137213918483
2026-03-30,0.007540510335148854,0.011139100266054582,0.03199954952394878,0.0018637598995549294,-0.007784966908788558,-0.003953553833355896,0.0010953414857227657,-0.014272010911234275,0.003588168942795709,0.005308150318369818,0.00611966014484149,-0.008760109701824332,0.02007417832125334,-0.004935622473379676,-0.01412747193455417,-0.024475591178236153,-0.0392765960575093,-0.006176761287009087,-0.03181679717580255,-0.007672695448329736,0.01322381207152608
2026-03-31,0.026512431127413087,0.06023314806008035,-0.014687427840109152,0.04820731551177678,0.033704129692624554,0.028714893309798716,0.024584024232717726,-0.1925006171755654,-0.005487149482743471,0.022856210162579323,0.030751447801748214,0.02861786495948073,0.06452337261106908,0.03363261430672198,0.05437625561333066,0.0534194725600996,0.06153507537908643,0.05814648141479366,0.05597158856816273,0.0332934824576082,-0.0010376931060411727
2026-04-01,0.02875884107881785,0.015635517552750514,-0.012506311955777597,-0.15694286506413338,0.011717040606011007,0.0071429450037592815,0.004826899899710531,-0.02852167913105148,-0.0031060348366285786,-0.002270644254019965,-0.0021635289281511007,0.007223978636376895,0.012333354771954944,-0.006259785279425216,0.00771105353121578,0.012776997153995566,0.0014346193040337637,-0.012861928126858308,0.02210649467177993,0.012277496156567945,-0.00098485060920514
2026-04-02,-0.02792007119110018,-0.04215905699204803,0.10801378517299672,0.07491960451933655,0.0010626771603623017,0.0011202481362370179,-0.0013122627247624905,-0.02768200108107911,0.003806066822533115,-0.017634149228875802,0.01101201335750153,0.0011338123573076417,-0.008269094238409243,0.032029930298934,0.009288088228185538,0.003375576721840106,0.013358402672570095,0.007887382701215575,0.0008925426129053208,0.0011459654937042319,0.0061253793971653234
2026-04-06,0.0011387268075569185,-0.0010178753480512444,0.007769654882380379,0.006764174595442894,0.00607993660960673,0.004417013131605809,0.0035461873010184,0.012489722362708747,-0.0004999292322441652,0.029044856709546877,-0.0015542218182786648,0.01142239161475063,-0.0025098531481971605,0.0027328994958231542,0.0014083382738375788,-0.0003815546515609231,-0.0035764675200470274,-0.005755159794102956,0.009285880696423032,0.00599930147498133,-0.0016143968204644656
2026-04-07,6.448275631096513e-05,-0.011558354907611788,0.004792281843499487,-0.004565384256506746,0.00042150288435766477,0.0007589600331270599,-0.0018319360317514812,0.06448682627390803,-0.003406515293062941,0.043769250088650125,-0.0015835039189674074,-0.020923456036972127,0.0035363181064853883,-0.001112522090490639,0.0025862058206754654,0.0602897196819002,0.014362761320485043,-0.016418149814063723,0.009850767916961704,0.00015296511497040052,-0.0001154328638290241
2026-04-08,0.01964639155775591,0.046223838631510875,-0.17929817736150358,-0.14258000889866096,0.02854457472348411,0.024772038357183543,0.028055590986174498,-0.2031735927626899,-0.005131591930476323,-0.011426386592901714,0.0054646202714657,0.02107802518992581,0.06296132142721474,0.005751488509533254,0.02210099101794525,0.04868037811220792,-0.06404562728489847,0.0034166746748531085,0.0559685670242151,0.029298642387632357,0.003226563393893107
2026-04-09,0.00895028757749345,0.013901140778676418,0.03599305696745525,0.012272647667328674,0.007158937929153609,0.006151066869514015,0.005741767823848138,-0.0765239296072482,-0.0031320820085302577,0.00902047398791368,-0.003371654917970858,0.006122567123347408,0.025742722396939786,0.026411420321449847,0.010000334200718077,0.012132696174493675,-0.07575963585775612,-0.037724229593524984,0.017322805886815944,0.006741853876922751,-0.0025343433374989573
2026-04-10,-0.006342909169258469,0.0006159471096186054,-0.013371964682626719,-0.007534581888824875,0.0013645847301572789,-0.0011391696991393636,-0.005603007918129062,-0.013429965979892022,-0.001721762393179433,0.01673607145352826,-0.0059144890165382935,-3.8345556912621514e-05,0.0023365330767120803,0.009363172473301472,0.025340931070435613,0.045819165223975646,-0.018797752544485413,0.0016669380926956777,0.01515269551925243,0.0014411428001932915,-0.0024250472373316236
2026-04-13,-0.004103411668917365,-0.010550123505336753,0.02565949228305133,0.04276971458695883,0.010589427222822946,0.010121875493741075,0.006276199961668776,-0.00573658427981057,-0.0028423404906282247,0.02042056718491473,0.03575403655529446,-0.0049260673756055485,0.007387064319893663,0.0014551248787686708,0.0035984100488998323,0.021829729726747907,0.03310210981196588,0.11951148683474314,0.01467839274788709,0.010289407828256481,0.0030015905570760027
2026-04-14,0.017267418703531354,0.04994771671981459,-0.08199593092107849,-0.04708569620456788,0.017893023950568937,0.011713988916143619,0.006567969096040953,-0.04056053308032146,-0.0025446600632382803,-0.004076670658997154,0.022483811465560243,-0.0014286068821369137,0.04312083513446859,0.029795892893426323,0.03732744648887824,0.0027086358478519037,0.024845549513747466,0.04633309399448886,0.01934521806389275,0.017994146816371247,0.005288589614638959
2026-04-15,-0.005194816877104023,0.0012587768248807636,0.00010957042512126631,0.0014758529850220292,0.013933132331336232,0.00794414491156507,-0.0014900982040893598,-0.01040253182891692,-0.0006117360563381438,0.00836950468372944,0.04503888343389864,0.028940120889102108,0.013627721910405276,0.013365312456864674,0.011938031369764115,0.04100896793413347,0.046436250808040105,0.04092994977416538,0.0022099456508028917,0.013902354761134352,-0.004366758019718849
2026-04-16,-0.003046322343529432,-0.011195705803187449,0.03656716117278657,0.045911717730486065,0.004888697859582916,0.002606555815286028,0.002370098212610906,-0.012739000207228512,0.0016303617133312145,0.004628724487070657,0.021745251113201896,-0.011437796552710188,0.007846053049436594,0.0007424764244076467,-0.002618194278043067,0.004401470893365064,0.004282064983785558,0.04901166959138034,0.00396560955290849,0.004804795803754312,-0.006354364542351549
2026-04-17,0.014974913312609497,0.03907092920060741,-0.12157895370705932,-0.09502852524507334,0.012807530446963042,0.011968553928737802,0.017724529505734242,-0.025975542360211608,-0.0012225220223565552,0.025937296578403095,0.006002043749179862,0.025599724502604514,0.01710869581864212,-0.10228316454221555,0.016649073332435406,0.02005012999823273,0.025109428870322387,-0.01856306181412751,0.020371593226907892,0.012999291467006022,0.00911459504042833
2026-04-20,-0.010554515098820284,-0.022105095339678606,0.0664374576358306,0.054893863035263606,-0.003082449878985854,-0.0023771959102520377,-9.851540764849931e-05,0.07651605981539987,-0.0005097672501352728,-0.01639718429916822,-0.011226740924225573,0.010381401662850636,-0.025952959664172565,-0.025815899540493556,0.0018824237593380586,-0.0171432148996512,-0.0034213801138056397,0.014292463557154049,-0.000431005066542644,-0.0031798946747412455,-0.00022976522986699834
2026-04-21,-0.022767989342933774,-0.045287196374536626,0.027733665601486168,0.03093667933453409,-0.004178243742572535,-0.00636845358085314,-0.005947353487629392,0.03284106171476542,0.0036648783568095536,0.006309747501944813,0.014461871447776973,-0.02551957602598669,-0.003090051033582633,-0.02401267882324361,-0.01084740809684451,0.006335786938647361,0.0005482206050233856,0.020014584965753337,0.0015076400321008452,-0.0038105891373010924,-0.005529285988170694
2026-04-22,0.007231599660169754,0.019209355449914436,0.008968689946171731,0.03423659081167888,0.01714143235859757,0.010405756011537825,0.006907050589839567,-0.030194897913519363,0.001827337318442917,0.02394495237334366,0.020442188268340603,0.025959122658055597,0.008752837830685407,0.007103635875256623,0.013022666698602456,0.049669480745410985,0.04455001036303361,0.03434303852937775,0.02585404184604929,0.016592094361584077,0.0019616893243835586
2026-04-23,-0.00580655654933497,-0.0316671369693541,0.03061517031722216,0.030536685020842398,-0.00575759952932328,-0.004141432170939999,-0.0036378642960260307,0.020403501127191963,0.0021278361999452116,0.0008417038623198857,-0.04046886377167461,0.0009512419139857489,-0.02334658333477605,-0.004514660731255279,-0.014224159796213538,-0.006432549190666883,-0.07515679372614494,-0.06170521236147576,0.01047286988967606,-0.005648568869053129,-0.0021927817549235807
2026-04-24,0.003648880135128687,0.01209127659018988,-0.01524336425678093,0.0024715044362468353,0.019267547383179477,0.007942067917632457,-0.0016157612988159222,-0.03156497742989099,-0.0029395480890536487,-0.010449855400701123,0.02111053357014146,-0.00870548556450589,0.023806014487513724,-0.0041023187083142456,0.04231955004193406,0.006692815497630594,0.010679431183520185,-0.017164856840994912,0.049772986508640184,0.018946848370419652,0.0018469798867271519
2026-04-27,-0.00998122799658474,-0.01823210990977018,0.020653889048153545,0.027160327091287843,7.360518447044361e-05,0.0012316180005498539,-0.0012789195684169176,-0.03757581377020173,-0.0003045715893419883,-0.0011456710997517,0.00047093907199736843,-0.012809554739298108,0.005304139433685585,-0.011642584746365106,0.03926319027785601,-0.010844849056845908,6.995188891087673e-05,-0.001848383499641461,-0.00035547087095278806,0.0005270280291516697,-0.004971431278577753
2026-04-28,-0.01810793161911003,-0.024264341106409223,0.036274965564013634,0.027611200523773624,-0.01018400273804986,-0.0049061878687959495,-0.0005260797391183867,-0.010599849987196923,0.0014205926824692504,-0.013218654490737211,0.010373913089718178,0.011517520751980868,-0.010785562113415144,0.009801798138300519,-0.01600850416151377,-0.044920392997714796,-0.013508109125766214,-0.041313556788955826,-0.030178673065586695,-0.01010765741307362,0.0010425688620509866
2026-04-29,-0.010134994038567446,-0.022601726928767742,0.06723674016293073,0.05906899525117259,0.0058274744956906405,-0.00039925174351248426,-0.0057165545213256645,0.05350618732463676,0.0030373154966233475,-0.0075534590417408835,-0.01122176316871562,-0.0019966978339397375,-0.0033123461075633275,-0.0016269204410802823,-0.018560255972615913,0.013958168311655436,-0.022999341021198612,-0.012917519910672455,0.0168960010102179,0.006095020909685223,-0.007787625622052678
2026-04-30,0.015175128715866765,0.02708581508247884,-0.01707989229434016,-0.034652636515816855,0.00970516552762239,0.010186184168105012,0.016045422881300182,-0.10766692023787255,-0.008527933285862791,0.006946186875134918,-0.040089887405449304,0.0043581493936293405,-0.08937823995625656,0.016045117136059692,-0.04736465906513777,0.02911925651904728,0.008228712391485071,-0.01500552374283651,0.014190866652905984,0.00928305245525351,-0.0009339023821976297
2026-05-01,0.0032883457515008366,0.03234051028706715,-0.03024236293484556,-0.05258213586821509,0.009362962936961641,0.00292404968652147,-0.00308359134057216,0.005903227529430566,0.001324542990650584,0.02427150989403538,0.016200380815886175,0.03187991038650981,-0.005177494589848189,-0.016696710034440693,-0.00562788249813037,0.009180844833415617,0.03503435195227216,0.06268183434896414,0.006099151410430002,0.009553812706170681,0.0035690890623771322
2026-05-04,-0.024133880243911433,-0.03864311086758685,0.043009083100958,0.05634664280078041,-0.0021147680473267787,-0.004070462487840939,-0.011324064137364118,0.0737295902466641,0.002643911808868412,0.020872076417225494,-0.0019805564528877612,-0.011885962197690256,0.0027231441433330297,-0.011361286162145188,0.00015109925506329687,-0.011411231243496633,0.013512728281819777,0.04806100169998987,-0.005961003146169109,-0.0018856593838988082,-0.007621630655612585
2026-05-05,0.007999735337601302,0.0004925860370199081,-0.039777169968601846,-0.04075281580415332,0.01305068235732842,0.008087227380575185,0.007254735077257648,-0.051034440909005135,0.00010157030725159178,0.013675043806522565,-0.005430265418195371,0.026204338554427865,-0.008968442076669032,-0.03499320007516082,-0.010025891482081857,0.025740253478176846,-0.0718191427807557,0.027679334211575063,0.03089182531015358,0.012890610367278649,0.005516816514030659
2026-05-06,0.027302885994594444,0.049409996859493835,-0.07289768024365931,-0.08150768951541926,0.020635451448443465,0.014482944327746904,0.012344618098141146,0.0005752217184062609,-0.0046820107296972075,0.006165248057273942,0.006251935224948011,0.011649801728447845,0.013006789712097969,0.004314235369792054,0.05605804652492139,-0.004502781851820358,-0.015721572608965173,0.04576681746545214,0.05049327834549595,0.02056154874381172,0.007579768822909394
2026-05-07,0.0038159234729661404,0.03693426745875091,-0.0028437985706823428,-0.012020202535205337,-0.001232287814642827,-0.0038103454826786936,-0.006303483607289634,-0.017987109374778668,0.0023437455154049283,-0.017561908350902416,0.016317029709620266,-0.00024353676707370125,0.006391864694781777,-0.00022656518844578285,0.017504551528897266,-0.030742289408250183,0.02407448871287558,0.0028819821585768547,-0.017727574723280404,-0.0011936596059309423,-0.005007858979399997
2026-05-08,0.00437360801983576,0.008669855854270698,0.006413317719185201,0.012217717076744372,0.023220881709451094,0.008390405429031966,0.00024577929702088776,0.006419666569116356,-0.004181796800026888,0.0022069548930199264,-0.013518725545446366,0.020250074126795237,-0.011708807100912861,-0.008649219112086319,0.017342835809247024,0.04140356486260457,0.005457535709568789,0.00696474692102766,0.04779338579807623,0.02317032366011302,0.005007858979399895
2026-05-11,-0.0003601417575905551,0.061388985654068036,0.02739332539387481,0.02842038648154794,0.0029261047372750363,0.0018781917406753333,0.0019193462983580728,0.06693522080471703,0.0010216172523977618,0.019041808768491205,-0.005943620767689755,-0.0012634684139431265,-0.017824400303418166,-0.023593102853679847,0.019511007291121277,-0.0036578616501420115,-0.006625701577121111,-0.010826451455638098,0.017098057935310725,0.002892200958319374,-0.00605926557066717
2026-05-12,-0.008748200566985706,-0.004161461462360497,0.04105446059688771,0.0335912102407572,-0.008764545445303163,-0.0016038944114079717,0.0011278305791176451,-0.02144703602768265,0.0035672306913487398,-0.015422747705667463,-0.011920778009659372,0.007217281916175962,0.0068893732611732175,0.0255343629193098,0.006087883494185524,-0.02154072197363113,-0.006522793412667929,-0.0368339353434443,-0.026479267072911344,-0.00851798203255052,-0.006684252569104922
2026-05-13,0.0042878900568158315,0.04319768814234728,-0.011417483079780816,-0.02005689962652764,0.010341686332845424,0.005832206062995343,-0.001354587031831181,-0.006692659105123569,0.0019312140705727032,-0.015028018231235505,-0.006297779830460884,0.013711560991706276,0.022351979368377264,-0.001141491994954247,0.02261580585803677,-0.006004106733211207,-0.04473587037535699,0.015560964589012537,0.01977646331821215,0.01050683975440062,-0.0022379595909664428
2026-05-14,-0.004181003348170271,-0.04576169949958473,0.0014837683094879113,0.0008517054494981967,0.007239092416640163,0.007626449143738461,0.007423332306189292,-0.03473167721848573,0.0040534499687955045,0.022132143698821827,0.010360489291041258,-0.002210772244144634,0.0029148204475002823,-0.007105991129842601,0.04294701759820982,0.05371484135308018,0.027903794575599168,0.030362797297110788,0.010219075084688244,0.007082575517746344,0.0014140022675137214
2026-05-15,-0.026490961871465643,-0.09572126789731866,0.041150101938913226,0.032936281236722674,-0.015504873638985766,-0.012440381787730354,-0.010790164804476407,0.0655880893242676,0.0039364108529774495,-0.02480277513696735,0.030049788861924314,0.006750976522238501,-0.006814577502366525,0.0009196850738049823,-0.04520787679613538,-0.03376122609486187,0.0019424013610426947,-0.013691811991201727,-0.03878231104226728,-0.015202691553876083,-0.014948609648474642
2026-05-18,-0.0007245709743039084,-0.0011411890349353334,0.030271420767915908,0.025660933946969965,-0.00450210842236958,-0.0007359385925655567,0.003224385860702794,-0.03365838332317586,-0.0030265905427638794,-0.02706882128954941,0.003832278848626929,-0.007992466908238653,-0.004928784116247305,0.029775278355584456,-0.013403819528754392,-0.010592393678286686,0.008546062310252563,-0.03341019135119986,-0.01846774247850457,-0.004311522427708327,-0.0011961349699193746
2026-05-19,-0.01020015827174435,-0.02956081370414114,-0.008224479366151602,-0.007341779820815514,-0.0060723090558366735,-0.006700720556670582,-0.00650667994736742,0.01337811350034388,0.00332881554116172,-0.002644879999712329,-0.014555068940400357,0.003786820722815226,-0.014170437918204189,-0.003575818860149041,-0.00772141061963216,-0.023180205797343374,0.0008875379273149025,-0.027985600075473686,-0.004036168803952888,-0.006181552400381681,-0.006483341573906108
2026-05-20,0.005532456591871891,0.013578676625470947,-0.0923822469785925,-0.057898760400528104,0.016479653469417637,0.010734208066325955,0.012991058680208242,-0.03493306931413941,-0.00191525120689174,0.009167734783614812,0.008682378065394921,0.010911251503184886,0.004057425625961704,-0.013978420662051825,0.012880756382786308,0.016143594213767428,0.013876361346223241,0.03625740343236299,0.037347977403686984,0.016428105311558864,0.010663341217743995
2026-05-21,0.0018740842574405403,0.007395082363679344,-0.019629669457551128,-0.023507776433866406,0.002031211822318854,0.0017138609316666425,0.005509930914011857,-0.03977134039303183,0.0008068767943914787,0.0010503232153248991,-0.002526090592902171,0.009024467670268961,0.003827010245648098,0.013642544507330972,-0.017879425943107992,-0.007665272176451055,0.0019303223958244062,0.008520150906774337,0.005686404855363737,0.0019051955372743183,0.003687524211965227
2026-05-22,-0.0041497068847259145,-0.00684152084999231,0.002591346399082562,0.009315020504873988,0.004227518104898484,0.003720045284340991,0.0058303444762131534,-0.003586343602665399,0.0013097301959805485,-0.026806340702622146,-0.0012415277754476936,0.012479649444335736,0.0047304789901055425,-0.007869681667746861,-0.01922601401684015,-0.0010377398679120731,-0.0039008300208018347,0.012099126365991442,0.014752937302497758,0.004231657845741974,0.00544703309136376
2026-05-26,-0.004566948297148642,0.005414047164153904,-0.028454847652877157,-0.038996660714200784,0.017473673200736946,0.006089680623147164,-0.002336064416357965,0.018392654755786986,-0.0015114268330768423,0.004460827146476261,-0.006086787367366893,-0.0015880121843198519,0.0034026157931846004,-0.010438013708656994,-0.0021850774060261733,0.018824917295840966,-0.0020476734377952873,0.005089047328858073,0.043826926042010016,0.017599397776060184,0.00494753925097868
2026-05-27,-0.011824119457466382,-0.022611381738951775,-0.05708948958032179,-0.05458621041452907,-0.0009253873309682702,0.00016486555361860245,0.0036120869500266945,-0.04324994104773904,0.0004032756993978764,-0.019725310724108713,-0.008109095484610435,0.008139905925081868,0.03674665162179339,-0.0037708075687654065,-0.010574191531007708,-0.0003555628627895959,-0.030398918996524426,-0.010936991585552874,-0.011088611942843614,-0.0011372201101535365,0.0023475363570838437
2026-05-28,0.011579645153313877,0.013924210616022194,0.002477771494425494,-0.006170251821344239,0.00831668816031804,0.0057372272122164095,0.0004873498873765145,-0.03434625036790919,-0.0019169904019299942,-0.010929802661887332,0.03411229625288361,0.005325999563197865,4.717368385697495e-05,-0.011398406397370426,0.007731054577228179,0.011126420419561847,0.0785613321955302,0.06458429106205685,0.007244921432131044,0.008395617288374011,0.005144941510492766
2026-05-29,0.013510480926909142,-0.00038343433042259146,-0.01747464070063098,-0.017872956533589914,0.00360946064891728,0.0021699047314878454,0.007148252220466634,-0.02704608405548948,-0.001111433255293822,-0.0022330998228095003,0.0530201813564115,-0.0014410307239461104,-0.004385506773942161,-0.003944824383579218,-0.014622087317938178,0.04624400507890056,0.08809212047018247,0.1029127601756654,-0.0015015926054316874,0.0036773277553498957,0.00023331033980585517
2026-06-01,-0.018881179529217973,-0.008086372523528021,0.05348871770079023,0.03133443763221026,0.005938833551389645,0.0026218560604907887,0.0009091638992960459,0.04654965764850053,0.002927600750727831,-0.028375909162868244,0.02257550971290651,-0.0185978161231111,-0.05198341307870981,-0.0019782187608479397,0.06073045986638763,0.029117376404835235,0.025916522081695724,0.09447230901057954,0.0147176114890869,0.0059822503274697385,0.0005383175470393453
2026-06-02,0.00310117087321733,0.004044673797169336,0.017212111928720186,0.010681813003277212,0.004797443843471641,0.0012912549125880068,0.004471491107155758,-0.017599372038408955,0.0002016356487584215,-0.06691384852525814,-0.042608691140752344,0.02860974364520492,-0.004740791582047653,-0.029792919202055217,-0.0068876374559193035,0.04589034228563514,-0.0542297426701705,-0.014490916189625617,0.03935932307977247,0.004593980803372134,0.0021037911252434816
2026-06-03,-0.011741357101359375,-0.024667372721902413,0.023818119529288626,0.018678604873863122,-0.002918724593785805,-0.007399348892067432,-0.012171719577126844,0.018222245262269628,0.00311947481739951,-0.041152222290191665,-0.032167630063060046,-0.0157967095998125,0.04154254265999393,-0.021960302632445753,-0.03688972124723909,-0.004870942797404371,-0.06776380899095376,-0.06002939008323514,0.008959917329549918,-0.0026167358319381397,-0.003977590282862545
2026-06-04,0.008774162180750182,0.004115335127439906,-0.03152695009146225,-0.028834177963925674,-0.005360204093315472,0.0040467623691873905,0.017112748776626097,-0.0419641906158944,-0.001206344930803231,-0.003329681149437111,0.0016600419254275758,0.0031215368741391546,0.007340846047808919,0.0004905680371817453,0.019208290386228847,-0.13452456365130966,-0.003522370748232688,0.025758359551264882,-0.016390044206372856,-0.004849131420141619,0.0022247236401663224
2026-06-05,-0.027613090328779823,-0.08163991571328132,-0.030445920837566393,-0.022991923015376326,-0.04886682363078171,-0.026801330315360895,-0.01357352062672837,0.33415046927153447,0.006627176455978549,-0.031890997263271506,-0.02694540884818325,-0.012577609274253502,-0.05666083124217305,0.007573051396381757,-0.06402033391723558,-0.08251843712600775,-0.04451911613884255,-0.10079189619065136,-0.0966991677944203,-0.04919124906374738,-0.005159514819393639
